# Force and moment coefficients
# dragDir       : (9.84807509e-01 1.73649561e-01 0.00000000e+00)
# sideDir       : (0.00000000e+00 0.00000000e+00 -1.00000000e+00)
# liftDir       : (-1.73649561e-01 9.84807509e-01 0.00000000e+00)
# rollAxis      : (9.84807509e-01 1.73649561e-01 0.00000000e+00)
# pitchAxis     : (0.00000000e+00 0.00000000e+00 -1.00000000e+00)
# yawAxis       : (-1.73649561e-01 9.84807509e-01 0.00000000e+00)
# magUInf       : 1.00000000e+00
# lRef          : 1.00000000e+00
# Aref          : 1.00000000e-01
# CofR          : (2.50000000e-01 0.00000000e+00 0.00000000e+00)
#
# Time          	Cd              	Cd(f)           	Cd(r)           	Cl              	Cl(f)           	Cl(r)           	CmPitch         	CmRoll          	CmYaw           	Cs              	Cs(f)           	Cs(r)           
5001            	-1.78656258e-02	-4.81222449e-02	3.02566191e-02	7.83788640e-01	3.98218076e-01	3.85570565e-01	6.32375548e-03	-3.91894320e-02	-8.93281288e-04	5.49316617e-21	-8.93281288e-04	8.93281288e-04
5002            	-1.77168510e-02	-4.80724528e-02	3.03556017e-02	7.84280545e-01	3.98326517e-01	3.85954028e-01	6.18624437e-03	-3.92140272e-02	-8.85842552e-04	5.47121812e-21	-8.85842552e-04	8.85842552e-04
5003            	-1.75909425e-02	-4.80301240e-02	3.04391814e-02	7.84693054e-01	3.98421625e-01	3.86271429e-01	6.07509827e-03	-3.92346527e-02	-8.79547127e-04	5.44942307e-21	-8.79547127e-04	8.79547127e-04
5004            	-1.75011412e-02	-4.79998084e-02	3.04986672e-02	7.84984756e-01	3.98495309e-01	3.86489446e-01	6.00293152e-03	-3.92492378e-02	-8.75057060e-04	5.43127411e-21	-8.75057060e-04	8.75057060e-04
5005            	-1.74526905e-02	-4.79835316e-02	3.05308412e-02	7.85143728e-01	3.98545381e-01	3.86598347e-01	5.97351734e-03	-3.92571864e-02	-8.72634523e-04	5.41837940e-21	-8.72634523e-04	8.72634523e-04
5006            	-1.74359593e-02	-4.79787073e-02	3.05427480e-02	7.85214553e-01	3.98579189e-01	3.86635364e-01	5.97191274e-03	-3.92607276e-02	-8.71797963e-04	5.41079387e-21	-8.71797963e-04	8.71797963e-04
5007            	-1.74603169e-02	-4.79888149e-02	3.05284979e-02	7.85173128e-01	3.98594311e-01	3.86578817e-01	6.00774701e-03	-3.92586564e-02	-8.73015847e-04	5.40855147e-21	-8.73015847e-04	8.73015847e-04
5008            	-1.74975857e-02	-4.80044008e-02	3.05068151e-02	7.85112159e-01	3.98604567e-01	3.86507592e-01	6.04848793e-03	-3.92556080e-02	-8.74879287e-04	5.41003239e-21	-8.74879287e-04	8.74879287e-04
5009            	-1.75354456e-02	-4.80210473e-02	3.04856017e-02	7.85066491e-01	3.98615032e-01	3.86451459e-01	6.08178647e-03	-3.92533245e-02	-8.76772281e-04	5.41346908e-21	-8.76772281e-04	8.76772281e-04
5010            	-1.75648349e-02	-4.80352699e-02	3.04704350e-02	7.85057048e-01	3.98629990e-01	3.86427058e-01	6.10146618e-03	-3.92528524e-02	-8.78241743e-04	5.41733613e-21	-8.78241743e-04	8.78241743e-04
5011            	-1.75828865e-02	-4.80455568e-02	3.04626703e-02	7.85082271e-01	3.98649681e-01	3.86432590e-01	6.10854558e-03	-3.92541135e-02	-8.79144327e-04	5.42065089e-21	-8.79144327e-04	8.79144327e-04
5012            	-1.75908685e-02	-4.80519089e-02	3.04610404e-02	7.85129493e-01	3.98672234e-01	3.86457259e-01	6.10748768e-03	-3.92564746e-02	-8.79543423e-04	5.42306783e-21	-8.79543423e-04	8.79543423e-04
5013            	-1.75915531e-02	-4.80554907e-02	3.04639376e-02	7.85194283e-01	3.98698890e-01	3.86495393e-01	6.10174815e-03	-3.92597142e-02	-8.79577654e-04	5.42500644e-21	-8.79577654e-04	8.79577654e-04
5014            	-1.75864322e-02	-4.80564790e-02	3.04700468e-02	7.85265258e-01	3.98727983e-01	3.86537275e-01	6.09535364e-03	-3.92632629e-02	-8.79321611e-04	5.42620627e-21	-8.79321611e-04	8.79321611e-04
5015            	-1.75800303e-02	-4.80562479e-02	3.04762177e-02	7.85324656e-01	3.98756144e-01	3.86568512e-01	6.09381568e-03	-3.92662328e-02	-8.79001513e-04	5.42646643e-21	-8.79001513e-04	8.79001513e-04
5016            	-1.75767952e-02	-4.80566071e-02	3.04798119e-02	7.85364190e-01	3.98781942e-01	3.86582248e-01	6.09984679e-03	-3.92682095e-02	-8.78839761e-04	5.42582571e-21	-8.78839761e-04	8.78839761e-04
5017            	-1.75804997e-02	-4.80594210e-02	3.04789213e-02	7.85383423e-01	3.98804226e-01	3.86579197e-01	6.11251467e-03	-3.92691712e-02	-8.79024985e-04	5.42498514e-21	-8.79024985e-04	8.79024985e-04
5018            	-1.75902839e-02	-4.80646419e-02	3.04743581e-02	7.85390000e-01	3.98823549e-01	3.86566451e-01	6.12854911e-03	-3.92695000e-02	-8.79514194e-04	5.42437956e-21	-8.79514194e-04	8.79514194e-04
5019            	-1.76035750e-02	-4.80715241e-02	3.04679491e-02	7.85394732e-01	3.98842195e-01	3.86552537e-01	6.14482927e-03	-3.92697366e-02	-8.80178751e-04	5.42414616e-21	-8.80178751e-04	8.80178751e-04
5020            	-1.76185134e-02	-4.80796927e-02	3.04611793e-02	7.85408720e-01	3.98864044e-01	3.86544676e-01	6.15968425e-03	-3.92704360e-02	-8.80925668e-04	5.42410281e-21	-8.80925668e-04	8.80925668e-04
5021            	-1.76335241e-02	-4.80885897e-02	3.04550656e-02	7.85436553e-01	3.98889774e-01	3.86546780e-01	6.17149700e-03	-3.92718277e-02	-8.81676203e-04	5.42430641e-21	-8.81676203e-04	8.81676203e-04
5022            	-1.76474085e-02	-4.80977712e-02	3.04503628e-02	7.85481340e-01	3.98920038e-01	3.86561302e-01	6.17936793e-03	-3.92740670e-02	-8.82370423e-04	5.42483203e-21	-8.82370423e-04	8.82370423e-04
5023            	-1.76591929e-02	-4.81063761e-02	3.04471831e-02	7.85535592e-01	3.98951475e-01	3.86584118e-01	6.18367849e-03	-3.92767796e-02	-8.82959646e-04	5.42575587e-21	-8.82959646e-04	8.82959646e-04
5024            	-1.76689525e-02	-4.81140547e-02	3.04451022e-02	7.85591568e-01	3.98981772e-01	3.86609796e-01	6.18598801e-03	-3.92795784e-02	-8.83447624e-04	5.42709938e-21	-8.83447624e-04	8.83447624e-04
5025            	-1.76775741e-02	-4.81207787e-02	3.04432046e-02	7.85639833e-01	3.99008579e-01	3.86631254e-01	6.18866291e-03	-3.92819916e-02	-8.83878703e-04	5.42880519e-21	-8.83878703e-04	8.83878703e-04
5026            	-1.76862466e-02	-4.81268076e-02	3.04405611e-02	7.85673687e-01	3.99030705e-01	3.86642982e-01	6.19386158e-03	-3.92836843e-02	-8.84312328e-04	5.43073231e-21	-8.84312328e-04	8.84312328e-04
5027            	-1.76960053e-02	-4.81325635e-02	3.04365582e-02	7.85691218e-01	3.99048514e-01	3.86642704e-01	6.20290503e-03	-3.92845609e-02	-8.84800265e-04	5.43273644e-21	-8.84800265e-04	8.84800265e-04
5028            	-1.77075359e-02	-4.81384555e-02	3.04309196e-02	7.85693751e-01	3.99063141e-01	3.86630611e-01	6.21626495e-03	-3.92846876e-02	-8.85376796e-04	5.43467530e-21	-8.85376796e-04	8.85376796e-04
5029            	-1.77218154e-02	-4.81450089e-02	3.04231936e-02	7.85682025e-01	3.99075881e-01	3.86606144e-01	6.23486810e-03	-3.92841012e-02	-8.86090769e-04	5.43652748e-21	-8.86090769e-04	8.86090769e-04
5030            	-1.77384842e-02	-4.81522822e-02	3.04137980e-02	7.85660802e-01	3.99088194e-01	3.86572608e-01	6.25779314e-03	-3.92830401e-02	-8.86924211e-04	5.43801564e-21	-8.86924211e-04	8.86924211e-04
5031            	-1.77534344e-02	-4.81592051e-02	3.04057707e-02	7.85649757e-01	3.99102068e-01	3.86547689e-01	6.27718984e-03	-3.92824879e-02	-8.87671719e-04	5.43869469e-21	-8.87671719e-04	8.87671719e-04
5032            	-1.77668497e-02	-4.81659761e-02	3.03991264e-02	7.85651026e-01	3.99119000e-01	3.86532026e-01	6.29348710e-03	-3.92825513e-02	-8.88342486e-04	5.43876548e-21	-8.88342486e-04	8.88342486e-04
5033            	-1.77779950e-02	-4.81723224e-02	3.03943274e-02	7.85666498e-01	3.99138749e-01	3.86527749e-01	6.30549983e-03	-3.92833249e-02	-8.88899749e-04	5.43847914e-21	-8.88899749e-04	8.88899749e-04
5034            	-1.77874212e-02	-4.81786134e-02	3.03911922e-02	7.85698056e-01	3.99163401e-01	3.86534655e-01	6.31437291e-03	-3.92849028e-02	-8.89371059e-04	5.43787846e-21	-8.89371059e-04	8.89371059e-04
5035            	-1.77950836e-02	-4.81845803e-02	3.03894967e-02	7.85740770e-01	3.99190577e-01	3.86550192e-01	6.32019242e-03	-3.92870385e-02	-8.89754178e-04	5.43727212e-21	-8.89754178e-04	8.89754178e-04
5036            	-1.78016787e-02	-4.81902900e-02	3.03886113e-02	7.85789013e-01	3.99218753e-01	3.86570260e-01	6.32424655e-03	-3.92894507e-02	-8.90083934e-04	5.43684969e-21	-8.90083934e-04	8.90083934e-04
5037            	-1.78079946e-02	-4.81959495e-02	3.03879549e-02	7.85839044e-01	3.99247427e-01	3.86591616e-01	6.32790566e-03	-3.92919522e-02	-8.90399731e-04	5.43672024e-21	-8.90399731e-04	8.90399731e-04
5038            	-1.78151788e-02	-4.82016450e-02	3.03864662e-02	7.85881113e-01	3.99273536e-01	3.86607577e-01	6.33297960e-03	-3.92940556e-02	-8.90758939e-04	5.43700751e-21	-8.90758939e-04	8.90758939e-04
5039            	-1.78239238e-02	-4.82075420e-02	3.03836183e-02	7.85911603e-01	3.99296337e-01	3.86615266e-01	6.34053550e-03	-3.92955801e-02	-8.91196189e-04	5.43768466e-21	-8.91196189e-04	8.91196189e-04
5040            	-1.78345112e-02	-4.82137473e-02	3.03792361e-02	7.85929834e-01	3.99315891e-01	3.86613942e-01	6.35097440e-03	-3.92964917e-02	-8.91725561e-04	5.43865187e-21	-8.91725561e-04	8.91725561e-04
5041            	-1.78467850e-02	-4.82202803e-02	3.03734954e-02	7.85937757e-01	3.99332906e-01	3.86604851e-01	6.36402731e-03	-3.92968879e-02	-8.92339248e-04	5.43976610e-21	-8.92339248e-04	8.92339248e-04
5042            	-1.78602267e-02	-4.82270718e-02	3.03668451e-02	7.85939169e-01	3.99348477e-01	3.86590692e-01	6.37889224e-03	-3.92969584e-02	-8.93011334e-04	5.44087270e-21	-8.93011334e-04	8.93011334e-04
5043            	-1.78741066e-02	-4.82339865e-02	3.03598800e-02	7.85938665e-01	3.99363803e-01	3.86574862e-01	6.39447044e-03	-3.92969332e-02	-8.93705329e-04	5.44183590e-21	-8.93705329e-04	8.93705329e-04
5044            	-1.78880459e-02	-4.82410011e-02	3.03529551e-02	7.85939562e-01	3.99380004e-01	3.86559558e-01	6.41022341e-03	-3.92969781e-02	-8.94402296e-04	5.44259358e-21	-8.94402296e-04	8.94402296e-04
5045            	-1.79008237e-02	-4.82477504e-02	3.03469267e-02	7.85946772e-01	3.99397730e-01	3.86549042e-01	6.42434414e-03	-3.92973386e-02	-8.95041185e-04	5.44304673e-21	-8.95041185e-04	8.95041185e-04
5046            	-1.79121233e-02	-4.82541518e-02	3.03420285e-02	7.85961802e-01	3.99417248e-01	3.86544554e-01	6.43634739e-03	-3.92980901e-02	-8.95606165e-04	5.44322259e-21	-8.95606165e-04	8.95606165e-04
5047            	-1.79220090e-02	-4.82602150e-02	3.03382061e-02	7.85984211e-01	3.99438399e-01	3.86545812e-01	6.44629368e-03	-3.92992105e-02	-8.96100449e-04	5.44320256e-21	-8.96100449e-04	8.96100449e-04
5048            	-1.79308490e-02	-4.82660259e-02	3.03351769e-02	7.86012028e-01	3.99460695e-01	3.86551333e-01	6.45468073e-03	-3.93006014e-02	-8.96542450e-04	5.44309360e-21	-8.96542450e-04	8.96542450e-04
5049            	-1.79391814e-02	-4.82717126e-02	3.03325312e-02	7.86042438e-01	3.99483475e-01	3.86558962e-01	6.46225650e-03	-3.93021219e-02	-8.96959072e-04	5.44300139e-21	-8.96959072e-04	8.96959072e-04
5050            	-1.79475659e-02	-4.82774089e-02	3.03298429e-02	7.86072518e-01	3.99506071e-01	3.86566447e-01	6.46981209e-03	-3.93036259e-02	-8.97378297e-04	5.44300875e-21	-8.97378297e-04	8.97378297e-04
5051            	-1.79564565e-02	-4.82832223e-02	3.03267658e-02	7.86099881e-01	3.99527943e-01	3.86571937e-01	6.47800279e-03	-3.93049940e-02	-8.97822827e-04	5.44316257e-21	-8.97822827e-04	8.97822827e-04
5052            	-1.79661190e-02	-4.82892138e-02	3.03230948e-02	7.86123086e-01	3.99548772e-01	3.86574314e-01	6.48722917e-03	-3.93061543e-02	-8.98305951e-04	5.44347028e-21	-8.98305951e-04	8.98305951e-04
5053            	-1.79766028e-02	-4.82953916e-02	3.03187888e-02	7.86141804e-01	3.99568495e-01	3.86573309e-01	6.49759260e-03	-3.93070902e-02	-8.98830138e-04	5.44390504e-21	-8.98830138e-04	8.98830138e-04
5054            	-1.79877641e-02	-4.83017175e-02	3.03139534e-02	7.86156709e-01	3.99587277e-01	3.86569432e-01	6.50892229e-03	-3.93078354e-02	-8.99388205e-04	5.44441700e-21	-8.99388205e-04	8.99388205e-04
5055            	-1.79993284e-02	-4.83081232e-02	3.03087948e-02	7.86169180e-01	3.99605446e-01	3.86563734e-01	6.52085625e-03	-3.93084590e-02	-8.99966420e-04	5.44494763e-21	-8.99966420e-04	8.99966420e-04
5056            	-1.80109702e-02	-4.83145300e-02	3.03035597e-02	7.86180897e-01	3.99623399e-01	3.86557499e-01	6.53295000e-03	-3.93090449e-02	-9.00548512e-04	5.44544342e-21	-9.00548512e-04	9.00548512e-04
5057            	-1.80223915e-02	-4.83208679e-02	3.02984764e-02	7.86193442e-01	3.99641506e-01	3.86551937e-01	6.54478451e-03	-3.93096721e-02	-9.01119577e-04	5.44586626e-21	-9.01119577e-04	9.01119577e-04
5058            	-1.80333802e-02	-4.83270891e-02	3.02937089e-02	7.86207981e-01	3.99660040e-01	3.86547940e-01	6.55604993e-03	-3.93103990e-02	-9.01669008e-04	5.44619881e-21	-9.01669008e-04	9.01669008e-04
5059            	-1.80438399e-02	-4.83331744e-02	3.02893345e-02	7.86225089e-01	3.99679135e-01	3.86545953e-01	6.56659116e-03	-3.93112544e-02	-9.02191996e-04	5.44644463e-21	-9.02191996e-04	9.02191996e-04
5060            	-1.80537900e-02	-4.83391319e-02	3.02853418e-02	7.86244737e-01	3.99698781e-01	3.86545956e-01	6.57641220e-03	-3.93122368e-02	-9.02689502e-04	5.44662390e-21	-9.02689502e-04	9.02689502e-04
5061            	-1.80633402e-02	-4.83449902e-02	3.02816501e-02	7.86266403e-01	3.99718847e-01	3.86547555e-01	6.58564591e-03	-3.93133201e-02	-9.03167008e-04	5.44676638e-21	-9.03167008e-04	9.03167008e-04
5062            	-1.80726502e-02	-4.83507885e-02	3.02781383e-02	7.86289268e-01	3.99739136e-01	3.86550132e-01	6.59450209e-03	-3.93144634e-02	-9.03632512e-04	5.44690374e-21	-9.03632512e-04	9.03632512e-04
5063            	-1.80818873e-02	-4.83565659e-02	3.02746786e-02	7.86312445e-01	3.99759431e-01	3.86553013e-01	6.60320886e-03	-3.93156222e-02	-9.04094363e-04	5.44706281e-21	-9.04094363e-04	9.04094363e-04
5064            	-1.80911880e-02	-4.83623529e-02	3.02711649e-02	7.86335178e-01	3.99779550e-01	3.86555628e-01	6.61196086e-03	-3.93167589e-02	-9.04559402e-04	5.44726102e-21	-9.04559402e-04	9.04559402e-04
5065            	-1.81006352e-02	-4.83681668e-02	3.02675316e-02	7.86356983e-01	3.99799375e-01	3.86557608e-01	6.62088365e-03	-3.93178492e-02	-9.05031761e-04	5.44750460e-21	-9.05031761e-04	9.05031761e-04
5066            	-1.81101021e-02	-4.83739220e-02	3.02638199e-02	7.86377419e-01	3.99818523e-01	3.86558895e-01	6.62981399e-03	-3.93188709e-02	-9.05505103e-04	5.44777703e-21	-9.05505103e-04	9.05505103e-04
5067            	-1.81199113e-02	-4.83798291e-02	3.02599178e-02	7.86397469e-01	3.99837941e-01	3.86559528e-01	6.63920678e-03	-3.93198735e-02	-9.05995563e-04	5.44809762e-21	-9.05995563e-04	9.05995563e-04
5068            	-1.81297785e-02	-4.83857340e-02	3.02559555e-02	7.86416895e-01	3.99857138e-01	3.86559757e-01	6.64869052e-03	-3.93208448e-02	-9.06488926e-04	5.44843221e-21	-9.06488926e-04	9.06488926e-04
5069            	-1.81394343e-02	-4.83915124e-02	3.02520781e-02	7.86435905e-01	3.99875853e-01	3.86560052e-01	6.65790068e-03	-3.93217952e-02	-9.06971717e-04	5.44874798e-21	-9.06971717e-04	9.06971717e-04
5070            	-1.81490281e-02	-4.83972811e-02	3.02482530e-02	7.86455341e-01	3.99894703e-01	3.86560638e-01	6.66703256e-03	-3.93227671e-02	-9.07451404e-04	5.44905490e-21	-9.07451404e-04	9.07451404e-04
5071            	-1.81585010e-02	-4.84030270e-02	3.02445260e-02	7.86475530e-01	3.99913768e-01	3.86561762e-01	6.67600281e-03	-3.93237765e-02	-9.07925051e-04	5.44934683e-21	-9.07925051e-04	9.07925051e-04
5072            	-1.81679560e-02	-4.84088247e-02	3.02408687e-02	7.86496934e-01	3.99933417e-01	3.86563517e-01	6.68494986e-03	-3.93248467e-02	-9.08397801e-04	5.44963222e-21	-9.08397801e-04	9.08397801e-04
5073            	-1.81770240e-02	-4.84144418e-02	3.02374178e-02	7.86518596e-01	3.99952672e-01	3.86565924e-01	6.69337415e-03	-3.93259298e-02	-9.08851202e-04	5.44988271e-21	-9.08851202e-04	9.08851202e-04
5074            	-1.81859179e-02	-4.84200097e-02	3.02340918e-02	7.86541014e-01	3.99972056e-01	3.86568958e-01	6.70154928e-03	-3.93270507e-02	-9.09295895e-04	5.45011985e-21	-9.09295895e-04	9.09295895e-04
5075            	-1.81946781e-02	-4.84255414e-02	3.02308633e-02	7.86564048e-01	3.99991548e-01	3.86572500e-01	6.70952428e-03	-3.93282024e-02	-9.09733906e-04	5.45035228e-21	-9.09733906e-04	9.09733906e-04
5076            	-1.82033496e-02	-4.84310491e-02	3.02276994e-02	7.86587485e-01	4.00011100e-01	3.86576384e-01	6.71735800e-03	-3.93293742e-02	-9.10167481e-04	5.45058768e-21	-9.10167481e-04	9.10167481e-04
5077            	-1.82119731e-02	-4.84365414e-02	3.02245682e-02	7.86611096e-01	4.00030655e-01	3.86580441e-01	6.72510742e-03	-3.93305548e-02	-9.10598656e-04	5.45083203e-21	-9.10598656e-04	9.10598656e-04
5078            	-1.82205792e-02	-4.84420235e-02	3.02214443e-02	7.86634678e-01	4.00050158e-01	3.86584521e-01	6.73281829e-03	-3.93317339e-02	-9.11028959e-04	5.45108880e-21	-9.11028959e-04	9.11028959e-04
5079            	-1.82291850e-02	-4.84474971e-02	3.02183121e-02	7.86658092e-01	4.00069566e-01	3.86588526e-01	6.74051964e-03	-3.93329046e-02	-9.11459251e-04	5.45135881e-21	-9.11459251e-04	9.11459251e-04
5080            	-1.82377944e-02	-4.84529609e-02	3.02151665e-02	7.86681275e-01	4.00088860e-01	3.86592415e-01	6.74822219e-03	-3.93340637e-02	-9.11889718e-04	5.45164053e-21	-9.11889718e-04	9.11889718e-04
5081            	-1.82463996e-02	-4.84584119e-02	3.02120123e-02	7.86704242e-01	4.00108041e-01	3.86596201e-01	6.75592023e-03	-3.93352121e-02	-9.12319982e-04	5.45193079e-21	-9.12319982e-04	9.12319982e-04
5082            	-1.82549857e-02	-4.84638462e-02	3.02088605e-02	7.86727067e-01	4.00127130e-01	3.86599937e-01	6.76359633e-03	-3.93363533e-02	-9.12749284e-04	5.45222566e-21	-9.12749284e-04	9.12749284e-04
5083            	-1.82635344e-02	-4.84692599e-02	3.02057255e-02	7.86749854e-01	4.00146154e-01	3.86603700e-01	6.77122726e-03	-3.93374927e-02	-9.13176720e-04	5.45252126e-21	-9.13176720e-04	9.13176720e-04
5084            	-1.82720289e-02	-4.84746500e-02	3.02026211e-02	7.86772711e-01	4.00165145e-01	3.86607565e-01	6.77879005e-03	-3.93386355e-02	-9.13601445e-04	5.45281445e-21	-9.13601445e-04	9.13601445e-04
5085            	-1.82804569e-02	-4.84800145e-02	3.01995576e-02	7.86795721e-01	4.00184128e-01	3.86611594e-01	6.78626709e-03	-3.93397861e-02	-9.14022847e-04	5.45310325e-21	-9.14022847e-04	9.14022847e-04
5086            	-1.82888129e-02	-4.84853531e-02	3.01965402e-02	7.86818932e-01	4.00203116e-01	3.86615817e-01	6.79364930e-03	-3.93409466e-02	-9.14440643e-04	5.45338700e-21	-9.14440643e-04	9.14440643e-04
5087            	-1.82970979e-02	-4.84906663e-02	3.01935684e-02	7.86842347e-01	4.00222111e-01	3.86620236e-01	6.80093709e-03	-3.93421173e-02	-9.14854894e-04	5.45366626e-21	-9.14854894e-04	9.14854894e-04
5088            	-1.83053192e-02	-4.84959560e-02	3.01906368e-02	7.86865928e-01	4.00241104e-01	3.86624825e-01	6.80813945e-03	-3.93432964e-02	-9.15265961e-04	5.45394248e-21	-9.15265961e-04	9.15265961e-04
5089            	-1.83134879e-02	-4.85012247e-02	3.01877367e-02	7.86889614e-01	4.00260079e-01	3.86629536e-01	6.81527139e-03	-3.93444807e-02	-9.15674397e-04	5.45421759e-21	-9.15674397e-04	9.15674397e-04
5090            	-1.83216165e-02	-4.85064748e-02	3.01848583e-02	7.86913331e-01	4.00279016e-01	3.86634315e-01	6.82235033e-03	-3.93456666e-02	-9.16080826e-04	5.45449359e-21	-9.16080826e-04	9.16080826e-04
5091            	-1.83297163e-02	-4.85117086e-02	3.01819923e-02	7.86937010e-01	4.00297898e-01	3.86639112e-01	6.82939267e-03	-3.93468505e-02	-9.16485814e-04	5.45477216e-21	-9.16485814e-04	9.16485814e-04
5092            	-1.83377953e-02	-4.85169276e-02	3.01791323e-02	7.86960599e-01	4.00316710e-01	3.86643889e-01	6.83641075e-03	-3.93480300e-02	-9.16889767e-04	5.45505444e-21	-9.16889767e-04	9.16889767e-04
5093            	-1.83458575e-02	-4.85221324e-02	3.01762749e-02	7.86984074e-01	4.00335448e-01	3.86648626e-01	6.84341103e-03	-3.93492037e-02	-9.17292876e-04	5.45534091e-21	-9.17292876e-04	9.17292876e-04
5094            	-1.83539021e-02	-4.85273227e-02	3.01734206e-02	7.87007433e-01	4.00354110e-01	3.86653323e-01	6.85039361e-03	-3.93503716e-02	-9.17695104e-04	5.45563144e-21	-9.17695104e-04	9.17695104e-04
5095            	-1.83619244e-02	-4.85324972e-02	3.01705728e-02	7.87030699e-01	4.00372703e-01	3.86657997e-01	6.85735298e-03	-3.93515350e-02	-9.18096220e-04	5.45592542e-21	-9.18096220e-04	9.18096220e-04
5096            	-1.83699171e-02	-4.85376541e-02	3.01677370e-02	7.87053912e-01	4.00391235e-01	3.86662676e-01	6.86427959e-03	-3.93526956e-02	-9.18495855e-04	5.45622198e-21	-9.18495855e-04	9.18495855e-04
5097            	-1.83778716e-02	-4.85427915e-02	3.01649199e-02	7.87077114e-01	4.00409719e-01	3.86667395e-01	6.87116198e-03	-3.93538557e-02	-9.18893581e-04	5.45652025e-21	-9.18893581e-04	9.18893581e-04
5098            	-1.83857797e-02	-4.85479074e-02	3.01621277e-02	7.87100351e-01	4.00428164e-01	3.86672187e-01	6.87798880e-03	-3.93550175e-02	-9.19288984e-04	5.45681948e-21	-9.19288984e-04	9.19288984e-04
5099            	-1.83936344e-02	-4.85530000e-02	3.01593656e-02	7.87123656e-01	4.00446578e-01	3.86677077e-01	6.88475054e-03	-3.93561828e-02	-9.19681720e-04	5.45711924e-21	-9.19681720e-04	9.19681720e-04
5100            	-1.84014310e-02	-4.85580681e-02	3.01566371e-02	7.87147051e-01	4.00464966e-01	3.86682085e-01	6.89144059e-03	-3.93573526e-02	-9.20071552e-04	5.45741945e-21	-9.20071552e-04	9.20071552e-04
5101            	-1.84091672e-02	-4.85631110e-02	3.01539438e-02	7.87170548e-01	4.00483330e-01	3.86687219e-01	6.89805559e-03	-3.93585274e-02	-9.20458360e-04	5.45772037e-21	-9.20458360e-04	9.20458360e-04
5102            	-1.84168426e-02	-4.85681286e-02	3.01512860e-02	7.87194145e-01	4.00501668e-01	3.86692477e-01	6.90459517e-03	-3.93597073e-02	-9.20842130e-04	5.45802252e-21	-9.20842130e-04	9.20842130e-04
5103            	-1.84243257e-02	-4.85730124e-02	3.01486867e-02	7.87216992e-01	4.00519426e-01	3.86697566e-01	6.91092990e-03	-3.93608496e-02	-9.21216285e-04	5.45830922e-21	-9.21216285e-04	9.21216285e-04
5104            	-1.84319491e-02	-4.85780380e-02	3.01460890e-02	7.87241270e-01	4.00538020e-01	3.86703250e-01	6.91738485e-03	-3.93620635e-02	-9.21597453e-04	5.45862478e-21	-9.21597453e-04	9.21597453e-04
5105            	-1.84393837e-02	-4.85829278e-02	3.01435441e-02	7.87264718e-01	4.00556003e-01	3.86708715e-01	6.92364407e-03	-3.93632359e-02	-9.21969185e-04	5.45892577e-21	-9.21969185e-04	9.21969185e-04
5106            	-1.84469396e-02	-4.85879422e-02	3.01410026e-02	7.87289448e-01	4.00574730e-01	3.86714718e-01	6.93000576e-03	-3.93644724e-02	-9.22346978e-04	5.45925492e-21	-9.22346978e-04	9.22346978e-04
5107            	-1.84542906e-02	-4.85928002e-02	3.01385095e-02	7.87313097e-01	4.00592712e-01	3.86720385e-01	6.93616328e-03	-3.93656549e-02	-9.22714530e-04	5.45956598e-21	-9.22714530e-04	9.22714530e-04
5108            	-1.84616171e-02	-4.85976553e-02	3.01360383e-02	7.87336936e-01	4.00610756e-01	3.86726180e-01	6.94228786e-03	-3.93668468e-02	-9.23080854e-04	5.45988386e-21	-9.23080854e-04	9.23080854e-04
5109            	-1.84689177e-02	-4.86025065e-02	3.01335888e-02	7.87360953e-01	4.00628855e-01	3.86732097e-01	6.94837893e-03	-3.93680476e-02	-9.23445884e-04	5.46020867e-21	-9.23445884e-04	9.23445884e-04
5110            	-1.84761852e-02	-4.86073474e-02	3.01311622e-02	7.87385096e-01	4.00646978e-01	3.86738118e-01	6.95443018e-03	-3.93692548e-02	-9.23809260e-04	5.46053921e-21	-9.23809260e-04	9.23809260e-04
5111            	-1.84834105e-02	-4.86121702e-02	3.01287597e-02	7.87409300e-01	4.00665083e-01	3.86744217e-01	6.96043336e-03	-3.93704650e-02	-9.24170525e-04	5.46087386e-21	-9.24170525e-04	9.24170525e-04
5112            	-1.84905858e-02	-4.86169680e-02	3.01263822e-02	7.87433502e-01	4.00683132e-01	3.86750369e-01	6.96638163e-03	-3.93716751e-02	-9.24529288e-04	5.46121102e-21	-9.24529288e-04	9.24529288e-04
5113            	-1.84977066e-02	-4.86217363e-02	3.01240297e-02	7.87457659e-01	4.00701101e-01	3.86756558e-01	6.97227151e-03	-3.93728830e-02	-9.24885330e-04	5.46154950e-21	-9.24885330e-04	9.24885330e-04
5114            	-1.85047725e-02	-4.86264741e-02	3.01217016e-02	7.87481757e-01	4.00718982e-01	3.86762775e-01	6.97810345e-03	-3.93740878e-02	-9.25238624e-04	5.46188866e-21	-9.25238624e-04	9.25238624e-04
5115            	-1.85117861e-02	-4.86311830e-02	3.01193968e-02	7.87505798e-01	4.00736780e-01	3.86769018e-01	6.98388123e-03	-3.93752899e-02	-9.25589307e-04	5.46222840e-21	-9.25589307e-04	9.25589307e-04
5116            	-1.85187525e-02	-4.86358663e-02	3.01171138e-02	7.87529801e-01	4.00754511e-01	3.86775289e-01	6.98961089e-03	-3.93764900e-02	-9.25937626e-04	5.46256900e-21	-9.25937626e-04	9.25937626e-04
5117            	-1.85256774e-02	-4.86405278e-02	3.01148504e-02	7.87553781e-01	4.00772190e-01	3.86781591e-01	6.99529955e-03	-3.93776891e-02	-9.26283871e-04	5.46291091e-21	-9.26283871e-04	9.26283871e-04
5118            	-1.85325666e-02	-4.86451707e-02	3.01126041e-02	7.87577748e-01	4.00789829e-01	3.86787920e-01	7.00095459e-03	-3.93788874e-02	-9.26628329e-04	5.46325460e-21	-9.26628329e-04	9.26628329e-04
5119            	-1.85394252e-02	-4.86497974e-02	3.01103722e-02	7.87601695e-01	4.00807431e-01	3.86794264e-01	7.00658319e-03	-3.93800848e-02	-9.26971261e-04	5.46360038e-21	-9.26971261e-04	9.26971261e-04
5120            	-1.85462578e-02	-4.86544090e-02	3.01081511e-02	7.87625601e-01	4.00824993e-01	3.86800608e-01	7.01219221e-03	-3.93812801e-02	-9.27312892e-04	5.46394838e-21	-9.27312892e-04	9.27312892e-04
5121            	-1.85530682e-02	-4.86590057e-02	3.01059376e-02	7.87649433e-01	4.00842505e-01	3.86806928e-01	7.01778811e-03	-3.93824717e-02	-9.27653409e-04	5.46429851e-21	-9.27653409e-04	9.27653409e-04
5122            	-1.85598594e-02	-4.86635875e-02	3.01037280e-02	7.87673155e-01	4.00859954e-01	3.86813201e-01	7.02337681e-03	-3.93836577e-02	-9.27992972e-04	5.46465052e-21	-9.27992972e-04	9.27992972e-04
5123            	-1.85666341e-02	-4.86681537e-02	3.01015196e-02	7.87696732e-01	4.00877330e-01	3.86819403e-01	7.02896345e-03	-3.93848366e-02	-9.28331706e-04	5.46500409e-21	-9.28331706e-04	9.28331706e-04
5124            	-1.85733941e-02	-4.86727041e-02	3.00993100e-02	7.87720141e-01	4.00894622e-01	3.86825518e-01	7.03455200e-03	-3.93860070e-02	-9.28669705e-04	5.46535883e-21	-9.28669705e-04	9.28669705e-04
5125            	-1.85801403e-02	-4.86772385e-02	3.00970982e-02	7.87743367e-01	4.00911828e-01	3.86831538e-01	7.04014491e-03	-3.93871683e-02	-9.29007016e-04	5.46571441e-21	-9.29007016e-04	9.29007016e-04
5126            	-1.85868729e-02	-4.86817569e-02	3.00948840e-02	7.87766409e-01	4.00928947e-01	3.86837461e-01	7.04574286e-03	-3.93883204e-02	-9.29343644e-04	5.46607053e-21	-9.29343644e-04	9.29343644e-04
5127            	-1.85935910e-02	-4.86862593e-02	3.00926683e-02	7.87789276e-01	4.00945983e-01	3.86843293e-01	7.05134489e-03	-3.93894638e-02	-9.29679549e-04	5.46642697e-21	-9.29679549e-04	9.29679549e-04
5128            	-1.86002932e-02	-4.86907457e-02	3.00904525e-02	7.87811982e-01	4.00962940e-01	3.86849042e-01	7.05694880e-03	-3.93905991e-02	-9.30014659e-04	5.46678358e-21	-9.30014659e-04	9.30014659e-04
5129            	-1.86069777e-02	-4.86952160e-02	3.00882383e-02	7.87834544e-01	4.00979823e-01	3.86854720e-01	7.06255168e-03	-3.93917272e-02	-9.30348887e-04	5.46714031e-21	-9.30348887e-04	9.30348887e-04
5130            	-1.86136428e-02	-4.86996701e-02	3.00860273e-02	7.87856974e-01	4.00996638e-01	3.86860336e-01	7.06815057e-03	-3.93928487e-02	-9.30682141e-04	5.46749715e-21	-9.30682141e-04	9.30682141e-04
5131            	-1.86202869e-02	-4.87041076e-02	3.00838207e-02	7.87879283e-01	4.01013384e-01	3.86865899e-01	7.07374298e-03	-3.93939641e-02	-9.31014343e-04	5.46785419e-21	-9.31014343e-04	9.31014343e-04
5132            	-1.86269087e-02	-4.87085281e-02	3.00816193e-02	7.87901474e-01	4.01030064e-01	3.86871410e-01	7.07932722e-03	-3.93950737e-02	-9.31345437e-04	5.46821154e-21	-9.31345437e-04	9.31345437e-04
5133            	-1.86335077e-02	-4.87129311e-02	3.00794234e-02	7.87923546e-01	4.01046675e-01	3.86876870e-01	7.08490249e-03	-3.93961773e-02	-9.31675385e-04	5.46856937e-21	-9.31675385e-04	9.31675385e-04
5134            	-1.86400833e-02	-4.87173164e-02	3.00772331e-02	7.87945495e-01	4.01063216e-01	3.86882279e-01	7.09046860e-03	-3.93972748e-02	-9.32004163e-04	5.46892786e-21	-9.32004163e-04	9.32004163e-04
5135            	-1.86466350e-02	-4.87216834e-02	3.00750484e-02	7.87967318e-01	4.01079685e-01	3.86887634e-01	7.09602559e-03	-3.93983659e-02	-9.32331752e-04	5.46928716e-21	-9.32331752e-04	9.32331752e-04
5136            	-1.86531623e-02	-4.87260318e-02	3.00728695e-02	7.87989013e-01	4.01096079e-01	3.86892933e-01	7.10157321e-03	-3.93994506e-02	-9.32658117e-04	5.46964744e-21	-9.32658117e-04	9.32658117e-04
5137            	-1.86596641e-02	-4.87303610e-02	3.00706970e-02	7.88010580e-01	4.01112400e-01	3.86898180e-01	7.10711048e-03	-3.94005290e-02	-9.32983204e-04	5.47000880e-21	-9.32983204e-04	9.32983204e-04
5138            	-1.86661385e-02	-4.87346706e-02	3.00685321e-02	7.88032027e-01	4.01128649e-01	3.86903378e-01	7.11263544e-03	-3.94016013e-02	-9.33306927e-04	5.47037133e-21	-9.33306927e-04	9.33306927e-04
5139            	-1.86724988e-02	-4.87388959e-02	3.00663971e-02	7.88052930e-01	4.01144532e-01	3.86908397e-01	7.11806745e-03	-3.94026465e-02	-9.33624938e-04	5.47071471e-21	-9.33624938e-04	9.33624938e-04
5140            	-1.86788624e-02	-4.87431308e-02	3.00642684e-02	7.88073993e-01	4.01160512e-01	3.86913480e-01	7.12351600e-03	-3.94036996e-02	-9.33943119e-04	5.47106703e-21	-9.33943119e-04	9.33943119e-04
5141            	-1.86852249e-02	-4.87473738e-02	3.00621488e-02	7.88095226e-01	4.01176587e-01	3.86918639e-01	7.12897439e-03	-3.94047613e-02	-9.34261247e-04	5.47142870e-21	-9.34261247e-04	9.34261247e-04
5142            	-1.86915750e-02	-4.87516160e-02	3.00600410e-02	7.88116571e-01	4.01192714e-01	3.86923857e-01	7.13442841e-03	-3.94058285e-02	-9.34578749e-04	5.47179834e-21	-9.34578749e-04	9.34578749e-04
5143            	-1.86978988e-02	-4.87558460e-02	3.00579472e-02	7.88137932e-01	4.01208828e-01	3.86929104e-01	7.13986199e-03	-3.94068966e-02	-9.34894938e-04	5.47217372e-21	-9.34894938e-04	9.34894938e-04
5144            	-1.87041842e-02	-4.87600528e-02	3.00558686e-02	7.88159214e-01	4.01224869e-01	3.86934345e-01	7.14526204e-03	-3.94079607e-02	-9.35209211e-04	5.47255250e-21	-9.35209211e-04	9.35209211e-04
5145            	-1.87104233e-02	-4.87642289e-02	3.00538057e-02	7.88180346e-01	4.01240794e-01	3.86939552e-01	7.15062113e-03	-3.94090173e-02	-9.35521163e-04	5.47293276e-21	-9.35521163e-04	9.35521163e-04
5146            	-1.87165244e-02	-4.87682993e-02	3.00517749e-02	7.88200742e-01	4.01256213e-01	3.86944529e-01	7.15584205e-03	-3.94100371e-02	-9.35826220e-04	5.47330444e-21	-9.35826220e-04	9.35826220e-04
5147            	-1.87226268e-02	-4.87723758e-02	3.00497489e-02	7.88221247e-01	4.01271702e-01	3.86949545e-01	7.16107870e-03	-3.94110624e-02	-9.36131342e-04	5.47368018e-21	-9.36131342e-04	9.36131342e-04
5148            	-1.87287284e-02	-4.87764592e-02	3.00477308e-02	7.88241900e-01	4.01287281e-01	3.86954619e-01	7.16633078e-03	-3.94120950e-02	-9.36436421e-04	5.47406107e-21	-9.36436421e-04	9.36436421e-04
5149            	-1.87348154e-02	-4.87805414e-02	3.00457260e-02	7.88262674e-01	4.01302922e-01	3.86959752e-01	7.17158476e-03	-3.94131337e-02	-9.36740772e-04	5.47444645e-21	-9.36740772e-04	9.36740772e-04
5150            	-1.87408707e-02	-4.87846105e-02	3.00437398e-02	7.88283503e-01	4.01318574e-01	3.86964929e-01	7.17682252e-03	-3.94141751e-02	-9.37043536e-04	5.47483489e-21	-9.37043536e-04	9.37043536e-04
5151            	-1.87468804e-02	-4.87886551e-02	3.00417747e-02	7.88304299e-01	4.01334179e-01	3.86970120e-01	7.18202911e-03	-3.94152149e-02	-9.37344020e-04	5.47522475e-21	-9.37344020e-04	9.37344020e-04
5152            	-1.87528380e-02	-4.87926679e-02	3.00398300e-02	7.88324979e-01	4.01349687e-01	3.86975292e-01	7.18719747e-03	-3.94162489e-02	-9.37641898e-04	5.47561471e-21	-9.37641898e-04	9.37641898e-04
5153            	-1.87587448e-02	-4.87966464e-02	3.00379016e-02	7.88345480e-01	4.01365070e-01	3.86980410e-01	7.19232973e-03	-3.94172740e-02	-9.37937241e-04	5.47600399e-21	-9.37937241e-04	9.37937241e-04
5154            	-1.87646085e-02	-4.88005926e-02	3.00359841e-02	7.88365767e-01	4.01380319e-01	3.86985448e-01	7.19743537e-03	-3.94182883e-02	-9.38230426e-04	5.47639242e-21	-9.38230426e-04	9.38230426e-04
5155            	-1.87704396e-02	-4.88045114e-02	3.00340717e-02	7.88385831e-01	4.01395443e-01	3.86990388e-01	7.20252783e-03	-3.94192915e-02	-9.38521982e-04	5.47678027e-21	-9.38521982e-04	9.38521982e-04
5156            	-1.87762486e-02	-4.88084084e-02	3.00321598e-02	7.88405682e-01	4.01410462e-01	3.86995220e-01	7.20762069e-03	-3.94202841e-02	-9.38812429e-04	5.47716809e-21	-9.38812429e-04	9.38812429e-04
5157            	-1.87820433e-02	-4.88122887e-02	3.00302454e-02	7.88425341e-01	4.01425395e-01	3.86999946e-01	7.21272489e-03	-3.94212670e-02	-9.39102167e-04	5.47755640e-21	-9.39102167e-04	9.39102167e-04
5158            	-1.87878284e-02	-4.88161555e-02	3.00283271e-02	7.88444826e-01	4.01440260e-01	3.87004566e-01	7.21784723e-03	-3.94222413e-02	-9.39391421e-04	5.47794559e-21	-9.39391421e-04	9.39391421e-04
5159            	-1.87936051e-02	-4.88200100e-02	3.00264048e-02	7.88464148e-01	4.01455064e-01	3.87009083e-01	7.22299053e-03	-3.94232074e-02	-9.39680257e-04	5.47833578e-21	-9.39680257e-04	9.39680257e-04
5160            	-1.87993726e-02	-4.88238515e-02	3.00244789e-02	7.88483305e-01	4.01469807e-01	3.87013498e-01	7.22815470e-03	-3.94241652e-02	-9.39968630e-04	5.47872684e-21	-9.39968630e-04	9.39968630e-04
5161            	-1.88051290e-02	-4.88276788e-02	3.00225498e-02	7.88502286e-01	4.01484481e-01	3.87017804e-01	7.23333842e-03	-3.94251143e-02	-9.40256450e-04	5.47911846e-21	-9.40256450e-04	9.40256450e-04
5162            	-1.88108728e-02	-4.88314899e-02	3.00206171e-02	7.88521070e-01	4.01499075e-01	3.87021994e-01	7.23854050e-03	-3.94260535e-02	-9.40543638e-04	5.47951027e-21	-9.40543638e-04	9.40543638e-04
5163            	-1.88166032e-02	-4.88352834e-02	3.00186801e-02	7.88539635e-01	4.01513578e-01	3.87026057e-01	7.24376072e-03	-3.94269817e-02	-9.40830161e-04	5.47990190e-21	-9.40830161e-04	9.40830161e-04
5164            	-1.88223205e-02	-4.88390584e-02	3.00167378e-02	7.88557962e-01	4.01527981e-01	3.87029981e-01	7.24899992e-03	-3.94278981e-02	-9.41116026e-04	5.48029307e-21	-9.41116026e-04	9.41116026e-04
5165            	-1.88280252e-02	-4.88428146e-02	3.00147893e-02	7.88576039e-01	4.01542279e-01	3.87033760e-01	7.25425938e-03	-3.94288020e-02	-9.41401262e-04	5.48068365e-21	-9.41401262e-04	9.41401262e-04
5166            	-1.88337178e-02	-4.88465522e-02	3.00128344e-02	7.88593865e-01	4.01556473e-01	3.87037393e-01	7.25953991e-03	-3.94296933e-02	-9.41685889e-04	5.48107359e-21	-9.41685889e-04	9.41685889e-04
5167            	-1.88393976e-02	-4.88502713e-02	3.00108736e-02	7.88611449e-01	4.01570566e-01	3.87040884e-01	7.26484095e-03	-3.94305725e-02	-9.41969881e-04	5.48146299e-21	-9.41969881e-04	9.41969881e-04
5168            	-1.88450629e-02	-4.88539719e-02	3.00089090e-02	7.88628809e-01	4.01584564e-01	3.87044244e-01	7.27015991e-03	-3.94314404e-02	-9.42253147e-04	5.48185198e-21	-9.42253147e-04	9.42253147e-04
5169            	-1.88507105e-02	-4.88576537e-02	3.00069432e-02	7.88645969e-01	4.01598477e-01	3.87047492e-01	7.27549210e-03	-3.94322984e-02	-9.42535526e-04	5.48224075e-21	-9.42535526e-04	9.42535526e-04
5170            	-1.88563360e-02	-4.88613158e-02	3.00049798e-02	7.88662957e-01	4.01612309e-01	3.87050647e-01	7.28083102e-03	-3.94331478e-02	-9.42816802e-04	5.48262952e-21	-9.42816802e-04	9.42816802e-04
5171            	-1.88619345e-02	-4.88649572e-02	3.00030227e-02	7.88679799e-01	4.01626068e-01	3.87053730e-01	7.28616921e-03	-3.94339899e-02	-9.43096725e-04	5.48301848e-21	-9.43096725e-04	9.43096725e-04
5172            	-1.88675009e-02	-4.88685763e-02	3.00010755e-02	7.88696518e-01	4.01639758e-01	3.87056760e-01	7.29149913e-03	-3.94348259e-02	-9.43375043e-04	5.48340785e-21	-9.43375043e-04	9.43375043e-04
5173            	-1.88730307e-02	-4.88721719e-02	2.99991413e-02	7.88713132e-01	4.01653380e-01	3.87059752e-01	7.29681411e-03	-3.94356566e-02	-9.43651534e-04	5.48379782e-21	-9.43651534e-04	9.43651534e-04
5174            	-1.88785204e-02	-4.88757429e-02	2.99972224e-02	7.88729653e-01	4.01666936e-01	3.87062717e-01	7.30210908e-03	-3.94364826e-02	-9.43926022e-04	5.48418861e-21	-9.43926022e-04	9.43926022e-04
5175            	-1.88839679e-02	-4.88792882e-02	2.99953203e-02	7.88746085e-01	4.01680424e-01	3.87065662e-01	7.30738086e-03	-3.94373043e-02	-9.44198394e-04	5.48458038e-21	-9.44198394e-04	9.44198394e-04
5176            	-1.88893719e-02	-4.88828075e-02	2.99934355e-02	7.88762430e-01	4.01693843e-01	3.87068587e-01	7.31262827e-03	-3.94381215e-02	-9.44468596e-04	5.48497329e-21	-9.44468596e-04	9.44468596e-04
5177            	-1.88947326e-02	-4.88863005e-02	2.99915678e-02	7.88778683e-01	4.01707193e-01	3.87071490e-01	7.31785182e-03	-3.94389341e-02	-9.44736631e-04	5.48536741e-21	-9.44736631e-04	9.44736631e-04
5178            	-1.89000508e-02	-4.88897673e-02	2.99897165e-02	7.88794838e-01	4.01720472e-01	3.87074366e-01	7.32305332e-03	-3.94397419e-02	-9.45002541e-04	5.48576278e-21	-9.45002541e-04	9.45002541e-04
5179            	-1.89053280e-02	-4.88932084e-02	2.99878805e-02	7.88810889e-01	4.01733680e-01	3.87077209e-01	7.32823541e-03	-3.94405444e-02	-9.45266398e-04	5.48615935e-21	-9.45266398e-04	9.45266398e-04
5180            	-1.89105658e-02	-4.88966242e-02	2.99860584e-02	7.88826827e-01	4.01746814e-01	3.87080012e-01	7.33340117e-03	-3.94413413e-02	-9.45528291e-04	5.48655699e-21	-9.45528291e-04	9.45528291e-04
5181            	-1.89157664e-02	-4.89000154e-02	2.99842489e-02	7.88842643e-01	4.01759875e-01	3.87082768e-01	7.33855390e-03	-3.94421322e-02	-9.45788321e-04	5.48695548e-21	-9.45788321e-04	9.45788321e-04
5182            	-1.89209319e-02	-4.89033824e-02	2.99824505e-02	7.88858329e-01	4.01772862e-01	3.87085468e-01	7.34369702e-03	-3.94429165e-02	-9.46046596e-04	5.48735458e-21	-9.46046596e-04	9.46046596e-04
5183            	-1.89260647e-02	-4.89067261e-02	2.99806614e-02	7.88873875e-01	4.01785772e-01	3.87088103e-01	7.34883416e-03	-3.94436938e-02	-9.46303234e-04	5.48775399e-21	-9.46303234e-04	9.46303234e-04
5184            	-1.89311673e-02	-4.89100471e-02	2.99788798e-02	7.88889269e-01	4.01798604e-01	3.87090665e-01	7.35396935e-03	-3.94444635e-02	-9.46558367e-04	5.48815340e-21	-9.46558367e-04	9.46558367e-04
5185            	-1.89362429e-02	-4.89133463e-02	2.99771034e-02	7.88904497e-01	4.01811356e-01	3.87093141e-01	7.35910714e-03	-3.94452248e-02	-9.46812145e-04	5.48855253e-21	-9.46812145e-04	9.46812145e-04
5186            	-1.89412948e-02	-4.89166245e-02	2.99753297e-02	7.88919542e-01	4.01824024e-01	3.87095519e-01	7.36425269e-03	-3.94459771e-02	-9.47064738e-04	5.48895111e-21	-9.47064738e-04	9.47064738e-04
5187            	-1.89463267e-02	-4.89198827e-02	2.99735560e-02	7.88934388e-01	4.01836606e-01	3.87097782e-01	7.36941176e-03	-3.94467194e-02	-9.47316333e-04	5.48934892e-21	-9.47316333e-04	9.47316333e-04
5188            	-1.89513426e-02	-4.89231219e-02	2.99717793e-02	7.88949012e-01	4.01849097e-01	3.87099916e-01	7.37459047e-03	-3.94474506e-02	-9.47567128e-04	5.48974578e-21	-9.47567128e-04	9.47567128e-04
5189            	-1.89563464e-02	-4.89263430e-02	2.99699967e-02	7.88963397e-01	4.01861493e-01	3.87101903e-01	7.37979502e-03	-3.94481698e-02	-9.47817318e-04	5.49014154e-21	-9.47817318e-04	9.47817318e-04
5190            	-1.89613418e-02	-4.89295470e-02	2.99682052e-02	7.88977522e-01	4.01873792e-01	3.87103730e-01	7.38503119e-03	-3.94488761e-02	-9.48067088e-04	5.49053607e-21	-9.48067088e-04	9.48067088e-04
5191            	-1.89663318e-02	-4.89327344e-02	2.99664027e-02	7.88991371e-01	4.01885990e-01	3.87105382e-01	7.39030390e-03	-3.94495686e-02	-9.48316588e-04	5.49092925e-21	-9.48316588e-04	9.48316588e-04
5192            	-1.89713186e-02	-4.89359059e-02	2.99645873e-02	7.89004932e-01	4.01898083e-01	3.87106849e-01	7.39561674e-03	-3.94502466e-02	-9.48565928e-04	5.49132098e-21	-9.48565928e-04	9.48565928e-04
5193            	-1.89763033e-02	-4.89390615e-02	2.99627582e-02	7.89018197e-01	4.01910070e-01	3.87108127e-01	7.40097165e-03	-3.94509098e-02	-9.48815163e-04	5.49171114e-21	-9.48815163e-04	9.48815163e-04
5194            	-1.89813907e-02	-4.89422615e-02	2.99608708e-02	7.89031323e-01	4.01922172e-01	3.87109151e-01	7.40651030e-03	-3.94515662e-02	-9.49069537e-04	5.49210945e-21	-9.49069537e-04	9.49069537e-04
5195            	-1.89864262e-02	-4.89454140e-02	2.99589878e-02	7.89044019e-01	4.01934035e-01	3.87109984e-01	7.41202562e-03	-3.94522009e-02	-9.49321312e-04	5.49250197e-21	-9.49321312e-04	9.49321312e-04
5196            	-1.89914070e-02	-4.89485190e-02	2.99571120e-02	7.89056310e-01	4.01945668e-01	3.87110642e-01	7.41751319e-03	-3.94528155e-02	-9.49570350e-04	5.49288726e-21	-9.49570350e-04	9.49570350e-04
5197            	-1.89963410e-02	-4.89515837e-02	2.99552427e-02	7.89068263e-01	4.01957115e-01	3.87111149e-01	7.42298286e-03	-3.94534132e-02	-9.49817050e-04	5.49326616e-21	-9.49817050e-04	9.49817050e-04
5198            	-1.90012405e-02	-4.89546185e-02	2.99533780e-02	7.89079965e-01	4.01968433e-01	3.87111532e-01	7.42845042e-03	-3.94539982e-02	-9.50062024e-04	5.49364041e-21	-9.50062024e-04	9.50062024e-04
5199            	-1.90061165e-02	-4.89576329e-02	2.99515164e-02	7.89091493e-01	4.01979677e-01	3.87111816e-01	7.43393018e-03	-3.94545747e-02	-9.50305825e-04	5.49401197e-21	-9.50305825e-04	9.50305825e-04
5200            	-1.90109756e-02	-4.89606331e-02	2.99496575e-02	7.89102906e-01	4.01990884e-01	3.87112023e-01	7.43943032e-03	-3.94551453e-02	-9.50548779e-04	5.49438263e-21	-9.50548779e-04	9.50548779e-04
5201            	-1.90158188e-02	-4.89636211e-02	2.99478023e-02	7.89114234e-01	4.02002068e-01	3.87112166e-01	7.44495141e-03	-3.94557117e-02	-9.50790939e-04	5.49475366e-21	-9.50790939e-04	9.50790939e-04
5202            	-1.90196857e-02	-4.89660841e-02	2.99463984e-02	7.89124826e-01	4.02011605e-01	3.87113221e-01	7.44919233e-03	-3.94562413e-02	-9.50984286e-04	5.49501907e-21	-9.50984286e-04	9.50984286e-04
5203            	-1.90241093e-02	-4.89688861e-02	2.99447768e-02	7.89136629e-01	4.02022539e-01	3.87114090e-01	7.45422460e-03	-3.94568315e-02	-9.51205463e-04	5.49534517e-21	-9.51205463e-04	9.51205463e-04
5204            	-1.90288059e-02	-4.89718479e-02	2.99430420e-02	7.89148898e-01	4.02034119e-01	3.87114779e-01	7.45966971e-03	-3.94574449e-02	-9.51440296e-04	5.49571975e-21	-9.51440296e-04	9.51440296e-04
5205            	-1.90338452e-02	-4.89749853e-02	2.99411401e-02	7.89161254e-01	4.02046268e-01	3.87114986e-01	7.46564113e-03	-3.94580627e-02	-9.51692259e-04	5.49613132e-21	-9.51692259e-04	9.51692259e-04
5206            	-1.90389754e-02	-4.89781281e-02	2.99391528e-02	7.89172809e-01	4.02058179e-01	3.87114630e-01	7.47177470e-03	-3.94586404e-02	-9.51948768e-04	5.49656931e-21	-9.51948768e-04	9.51948768e-04
5207            	-1.90440645e-02	-4.89812177e-02	2.99371533e-02	7.89183710e-01	4.02069749e-01	3.87113961e-01	7.47789435e-03	-3.94591855e-02	-9.52203224e-04	5.49700018e-21	-9.52203224e-04	9.52203224e-04
5208            	-1.90489050e-02	-4.89841338e-02	2.99352288e-02	7.89193626e-01	4.02080515e-01	3.87113110e-01	7.48370248e-03	-3.94596813e-02	-9.52445250e-04	5.49740794e-21	-9.52445250e-04	9.52445250e-04
5209            	-1.90538492e-02	-4.89870633e-02	2.99332140e-02	7.89202773e-01	4.02091047e-01	3.87111726e-01	7.48966009e-03	-3.94601387e-02	-9.52692461e-04	5.49784389e-21	-9.52692461e-04	9.52692461e-04
5210            	-1.90584528e-02	-4.89897991e-02	2.99313463e-02	7.89211454e-01	4.02100917e-01	3.87110537e-01	7.49518960e-03	-3.94605727e-02	-9.52922639e-04	5.49824526e-21	-9.52922639e-04	9.52922639e-04
5211            	-1.90628789e-02	-4.89924378e-02	2.99295589e-02	7.89219967e-01	4.02110506e-01	3.87109461e-01	7.50052286e-03	-3.94609984e-02	-9.53143945e-04	5.49862932e-21	-9.53143945e-04	9.53143945e-04
5212            	-1.90672280e-02	-4.89950453e-02	2.99278172e-02	7.89228625e-01	4.02120121e-01	3.87108504e-01	7.50580869e-03	-3.94614312e-02	-9.53361402e-04	5.49900935e-21	-9.53361402e-04	9.53361402e-04
5213            	-1.90715371e-02	-4.89976532e-02	2.99261161e-02	7.89237693e-01	4.02129953e-01	3.87107740e-01	7.51110633e-03	-3.94618846e-02	-9.53576854e-04	5.49939050e-21	-9.53576854e-04	9.53576854e-04
5214            	-1.90757757e-02	-4.90002530e-02	2.99244774e-02	7.89247304e-01	4.02140026e-01	3.87107278e-01	7.51637362e-03	-3.94623652e-02	-9.53788783e-04	5.49976803e-21	-9.53788783e-04	9.53788783e-04
5215            	-1.90799040e-02	-4.90028233e-02	2.99229193e-02	7.89257426e-01	4.02150259e-01	3.87107168e-01	7.52154543e-03	-3.94628713e-02	-9.53995201e-04	5.50013486e-21	-9.53995201e-04	9.53995201e-04
5216            	-1.90839396e-02	-4.90053643e-02	2.99214247e-02	7.89267890e-01	4.02160583e-01	3.87107307e-01	7.52663769e-03	-3.94633945e-02	-9.54196980e-04	5.50049209e-21	-9.54196980e-04	9.54196980e-04
5217            	-1.90879256e-02	-4.90078868e-02	2.99199613e-02	7.89278481e-01	4.02170945e-01	3.87107536e-01	7.53170434e-03	-3.94639240e-02	-9.54396279e-04	5.50084457e-21	-9.54396279e-04	9.54396279e-04
5218            	-1.90919897e-02	-4.90104472e-02	2.99184575e-02	7.89289047e-01	4.02181449e-01	3.87107598e-01	7.53692529e-03	-3.94644524e-02	-9.54599486e-04	5.50120467e-21	-9.54599486e-04	9.54599486e-04
5219            	-1.90960160e-02	-4.90129660e-02	2.99169500e-02	7.89299160e-01	4.02191712e-01	3.87107448e-01	7.54213212e-03	-3.94649580e-02	-9.54800798e-04	5.50156339e-21	-9.54800798e-04	9.54800798e-04
5220            	-1.91000150e-02	-4.90154400e-02	2.99154251e-02	7.89308651e-01	4.02201669e-01	3.87106982e-01	7.54734372e-03	-3.94654326e-02	-9.55000748e-04	5.50192109e-21	-9.55000748e-04	9.55000748e-04
5221            	-1.91040055e-02	-4.90178763e-02	2.99138709e-02	7.89317472e-01	4.02211330e-01	3.87106142e-01	7.55259367e-03	-3.94658736e-02	-9.55200273e-04	5.50228035e-21	-9.55200273e-04	9.55200273e-04
5222            	-1.91080081e-02	-4.90202873e-02	2.99122791e-02	7.89325664e-01	4.02220751e-01	3.87104914e-01	7.55791859e-03	-3.94662832e-02	-9.55400406e-04	5.50264429e-21	-9.55400406e-04	9.55400406e-04
5223            	-1.91120350e-02	-4.90226839e-02	2.99106490e-02	7.89333329e-01	4.02230005e-01	3.87103324e-01	7.56334054e-03	-3.94666665e-02	-9.55601748e-04	5.50301497e-21	-9.55601748e-04	9.55601748e-04
5224            	-1.91160843e-02	-4.90250720e-02	2.99089878e-02	7.89340598e-01	4.02239157e-01	3.87101441e-01	7.56885819e-03	-3.94670299e-02	-9.55804214e-04	5.50339258e-21	-9.55804214e-04	9.55804214e-04
5225            	-1.91201416e-02	-4.90274511e-02	2.99073095e-02	7.89347606e-01	4.02248251e-01	3.87099355e-01	7.57444802e-03	-3.94673803e-02	-9.56007081e-04	5.50377542e-21	-9.56007081e-04	9.56007081e-04
5226            	-1.91241849e-02	-4.90298162e-02	2.99056313e-02	7.89354475e-01	4.02257310e-01	3.87097164e-01	7.58007300e-03	-3.94677237e-02	-9.56209243e-04	5.50416049e-21	-9.56209243e-04	9.56209243e-04
5227            	-1.91281912e-02	-4.90321602e-02	2.99039689e-02	7.89361291e-01	4.02266340e-01	3.87094950e-01	7.58569499e-03	-3.94680645e-02	-9.56409560e-04	5.50454451e-21	-9.56409560e-04	9.56409560e-04
5228            	-1.91321433e-02	-4.90344767e-02	2.99023334e-02	7.89368101e-01	4.02275336e-01	3.87092765e-01	7.59128547e-03	-3.94684050e-02	-9.56607165e-04	5.50492481e-21	-9.56607165e-04	9.56607165e-04
5229            	-1.91360323e-02	-4.90367615e-02	2.99007293e-02	7.89374908e-01	4.02284285e-01	3.87090623e-01	7.59683115e-03	-3.94687454e-02	-9.56801613e-04	5.50529986e-21	-9.56801613e-04	9.56801613e-04
5230            	-1.91398578e-02	-4.90390130e-02	2.98991553e-02	7.89381683e-01	4.02293176e-01	3.87088507e-01	7.60233419e-03	-3.94690842e-02	-9.56992888e-04	5.50566939e-21	-9.56992888e-04	9.56992888e-04
5231            	-1.91436261e-02	-4.90412317e-02	2.98976056e-02	7.89388373e-01	4.02301995e-01	3.87086378e-01	7.60780848e-03	-3.94694187e-02	-9.57181304e-04	5.50603416e-21	-9.57181304e-04	9.57181304e-04
5232            	-1.91473474e-02	-4.90434195e-02	2.98960721e-02	7.89394917e-01	4.02310732e-01	3.87084184e-01	7.61327405e-03	-3.94697458e-02	-9.57367368e-04	5.50639563e-21	-9.57367368e-04	9.57367368e-04
5233            	-1.91510324e-02	-4.90455791e-02	2.98945466e-02	7.89401257e-01	4.02319380e-01	3.87081877e-01	7.61875116e-03	-3.94700628e-02	-9.57551622e-04	5.50675551e-21	-9.57551622e-04	9.57551622e-04
5234            	-1.91546904e-02	-4.90477127e-02	2.98930223e-02	7.89407351e-01	4.02327931e-01	3.87079420e-01	7.62425558e-03	-3.94703675e-02	-9.57734520e-04	5.50711540e-21	-9.57734520e-04	9.57734520e-04
5235            	-1.91583268e-02	-4.90498222e-02	2.98914954e-02	7.89413176e-01	4.02336384e-01	3.87076793e-01	7.62979568e-03	-3.94706588e-02	-9.57916342e-04	5.50747655e-21	-9.57916342e-04	9.57916342e-04
5236            	-1.91619433e-02	-4.90519083e-02	2.98899651e-02	7.89418734e-01	4.02344739e-01	3.87073995e-01	7.63537169e-03	-3.94709367e-02	-9.58097163e-04	5.50783969e-21	-9.58097163e-04	9.58097163e-04
5237            	-1.91655373e-02	-4.90539708e-02	2.98884335e-02	7.89424042e-01	4.02352998e-01	3.87071044e-01	7.64097698e-03	-3.94712021e-02	-9.58276866e-04	5.50820503e-21	-9.58276866e-04	9.58276866e-04
5238            	-1.91691039e-02	-4.90560086e-02	2.98869047e-02	7.89429134e-01	4.02361167e-01	3.87067966e-01	7.64660056e-03	-3.94714567e-02	-9.58455195e-04	5.50857239e-21	-9.58455195e-04	9.58455195e-04
5239            	-1.91726366e-02	-4.90580206e-02	2.98853840e-02	7.89434046e-01	4.02369253e-01	3.87064793e-01	7.65223016e-03	-3.94717023e-02	-9.58631828e-04	5.50894129e-21	-9.58631828e-04	9.58631828e-04
5240            	-1.91761289e-02	-4.90600051e-02	2.98838761e-02	7.89438812e-01	4.02377261e-01	3.87061551e-01	7.65785508e-03	-3.94719406e-02	-9.58806447e-04	5.50931117e-21	-9.58806447e-04	9.58806447e-04
5241            	-1.91795761e-02	-4.90619610e-02	2.98823849e-02	7.89443459e-01	4.02385198e-01	3.87058262e-01	7.66346816e-03	-3.94721730e-02	-9.58978803e-04	5.50968145e-21	-9.58978803e-04	9.58978803e-04
5242            	-1.91829750e-02	-4.90638875e-02	2.98809125e-02	7.89448000e-01	4.02393067e-01	3.87054933e-01	7.66906671e-03	-3.94724000e-02	-9.59148749e-04	5.51005167e-21	-9.59148749e-04	9.59148749e-04
5243            	-1.91863251e-02	-4.90657842e-02	2.98794591e-02	7.89452433e-01	4.02400869e-01	3.87051564e-01	7.67465240e-03	-3.94726217e-02	-9.59316253e-04	5.51042155e-21	-9.59316253e-04	9.59316253e-04
5244            	-1.91896277e-02	-4.90676513e-02	2.98780235e-02	7.89456748e-01	4.02408604e-01	3.87048144e-01	7.68023028e-03	-3.94728374e-02	-9.59481386e-04	5.51079092e-21	-9.59481386e-04	9.59481386e-04
5245            	-1.91928860e-02	-4.90694893e-02	2.98766033e-02	7.89460925e-01	4.02416270e-01	3.87044655e-01	7.68580745e-03	-3.94730463e-02	-9.59644299e-04	5.51115977e-21	-9.59644299e-04	9.59644299e-04
5246            	-1.91961036e-02	-4.90712989e-02	2.98751953e-02	7.89464942e-01	4.02423862e-01	3.87041080e-01	7.69139137e-03	-3.94732471e-02	-9.59805180e-04	5.51152818e-21	-9.59805180e-04	9.59805180e-04
5247            	-1.91992843e-02	-4.90730810e-02	2.98737968e-02	7.89468778e-01	4.02431378e-01	3.87037400e-01	7.69698854e-03	-3.94734389e-02	-9.59964215e-04	5.51189628e-21	-9.59964215e-04	9.59964215e-04
5248            	-1.92024314e-02	-4.90748365e-02	2.98724051e-02	7.89472416e-01	4.02438812e-01	3.87033604e-01	7.70260392e-03	-3.94736208e-02	-9.60121569e-04	5.51226422e-21	-9.60121569e-04	9.60121569e-04
5249            	-1.92055472e-02	-4.90765659e-02	2.98710187e-02	7.89475846e-01	4.02446163e-01	3.87029683e-01	7.70824033e-03	-3.94737923e-02	-9.60277358e-04	5.51263214e-21	-9.60277358e-04	9.60277358e-04
5250            	-1.92086330e-02	-4.90782696e-02	2.98696367e-02	7.89479063e-01	4.02453430e-01	3.87025633e-01	7.71389866e-03	-3.94739531e-02	-9.60431648e-04	5.51300016e-21	-9.60431648e-04	9.60431648e-04
5251            	-1.92116891e-02	-4.90799479e-02	2.98682588e-02	7.89482068e-01	4.02460612e-01	3.87021455e-01	7.71957837e-03	-3.94741034e-02	-9.60584454e-04	5.51336836e-21	-9.60584454e-04	9.60584454e-04
5252            	-1.92147152e-02	-4.90816008e-02	2.98668856e-02	7.89484864e-01	4.02467710e-01	3.87017154e-01	7.72527820e-03	-3.94742432e-02	-9.60735760e-04	5.51373678e-21	-9.60735760e-04	9.60735760e-04
5253            	-1.92177106e-02	-4.90832281e-02	2.98655175e-02	7.89487456e-01	4.02474725e-01	3.87012731e-01	7.73099678e-03	-3.94743728e-02	-9.60885530e-04	5.51410544e-21	-9.60885530e-04	9.60885530e-04
5254            	-1.92206746e-02	-4.90848297e-02	2.98641551e-02	7.89489848e-01	4.02481657e-01	3.87008191e-01	7.73673323e-03	-3.94744924e-02	-9.61033731e-04	5.51447434e-21	-9.61033731e-04	9.61033731e-04
5255            	-1.92236068e-02	-4.90864055e-02	2.98627987e-02	7.89492042e-01	4.02488508e-01	3.87003533e-01	7.74248744e-03	-3.94746021e-02	-9.61180338e-04	5.51484345e-21	-9.61180338e-04	9.61180338e-04
5256            	-1.92265069e-02	-4.90879552e-02	2.98614484e-02	7.89494036e-01	4.02495278e-01	3.86998758e-01	7.74826010e-03	-3.94747018e-02	-9.61325343e-04	5.51521273e-21	-9.61325343e-04	9.61325343e-04
5257            	-1.92293751e-02	-4.90894790e-02	2.98601039e-02	7.89495829e-01	4.02501967e-01	3.86993862e-01	7.75405255e-03	-3.94747914e-02	-9.61468757e-04	5.51558212e-21	-9.61468757e-04	9.61468757e-04
5258            	-1.92322120e-02	-4.90909768e-02	2.98587648e-02	7.89497416e-01	4.02508574e-01	3.86988841e-01	7.75986645e-03	-3.94748708e-02	-9.61610602e-04	5.51595159e-21	-9.61610602e-04	9.61610602e-04
5259            	-1.92350181e-02	-4.90924486e-02	2.98574306e-02	7.89498792e-01	4.02515099e-01	3.86983693e-01	7.76570342e-03	-3.94749396e-02	-9.61750903e-04	5.51632107e-21	-9.61750903e-04	9.61750903e-04
5260            	-1.92377937e-02	-4.90938946e-02	2.98561009e-02	7.89499955e-01	4.02521542e-01	3.86978413e-01	7.77156476e-03	-3.94749977e-02	-9.61889683e-04	5.51669052e-21	-9.61889683e-04	9.61889683e-04
5261            	-1.92405390e-02	-4.90953146e-02	2.98547755e-02	7.89500901e-01	4.02527902e-01	3.86972999e-01	7.77745121e-03	-3.94750451e-02	-9.62026951e-04	5.51705991e-21	-9.62026951e-04	9.62026951e-04
5262            	-1.92432542e-02	-4.90967087e-02	2.98534545e-02	7.89501632e-01	4.02534179e-01	3.86967453e-01	7.78336291e-03	-3.94750816e-02	-9.62162708e-04	5.51742921e-21	-9.62162708e-04	9.62162708e-04
5263            	-1.92459387e-02	-4.90980767e-02	2.98521380e-02	7.89502147e-01	4.02540373e-01	3.86961774e-01	7.78929948e-03	-3.94751074e-02	-9.62296936e-04	5.51779843e-21	-9.62296936e-04	9.62296936e-04
5264            	-1.92485922e-02	-4.90994186e-02	2.98508264e-02	7.89502450e-01	4.02546485e-01	3.86955965e-01	7.79526014e-03	-3.94751225e-02	-9.62429610e-04	5.51816758e-21	-9.62429610e-04	9.62429610e-04
5265            	-1.92512140e-02	-4.91007342e-02	2.98495202e-02	7.89502544e-01	4.02552516e-01	3.86950028e-01	7.80124401e-03	-3.94751272e-02	-9.62560699e-04	5.51853670e-21	-9.62560699e-04	9.62560699e-04
5266            	-1.92538035e-02	-4.91020233e-02	2.98482198e-02	7.89502431e-01	4.02558466e-01	3.86943965e-01	7.80725027e-03	-3.94751215e-02	-9.62690173e-04	5.51890585e-21	-9.62690173e-04	9.62690173e-04
5267            	-1.92563602e-02	-4.91032857e-02	2.98469256e-02	7.89502113e-01	4.02564335e-01	3.86937778e-01	7.81327837e-03	-3.94751056e-02	-9.62818008e-04	5.51927509e-21	-9.62818008e-04	9.62818008e-04
5268            	-1.92588837e-02	-4.91045214e-02	2.98456377e-02	7.89501591e-01	4.02570123e-01	3.86931467e-01	7.81932809e-03	-3.94750795e-02	-9.62944185e-04	5.51964449e-21	-9.62944185e-04	9.62944185e-04
5269            	-1.92613740e-02	-4.91057302e-02	2.98443562e-02	7.89500864e-01	4.02575832e-01	3.86925033e-01	7.82539958e-03	-3.94750432e-02	-9.63068700e-04	5.52001412e-21	-9.63068700e-04	9.63068700e-04
5270            	-1.92638311e-02	-4.91069122e-02	2.98430811e-02	7.89499933e-01	4.02581460e-01	3.86918473e-01	7.83149330e-03	-3.94749966e-02	-9.63191553e-04	5.52038403e-21	-9.63191553e-04	9.63191553e-04
5271            	-1.92662550e-02	-4.91080672e-02	2.98418122e-02	7.89498794e-01	4.02587007e-01	3.86911787e-01	7.83760988e-03	-3.94749397e-02	-9.63312751e-04	5.52075427e-21	-9.63312751e-04	9.63312751e-04
5272            	-1.92686461e-02	-4.91091954e-02	2.98405493e-02	7.89497446e-01	4.02592473e-01	3.86904973e-01	7.84375004e-03	-3.94748723e-02	-9.63432305e-04	5.52112485e-21	-9.63432305e-04	9.63432305e-04
5273            	-1.92710045e-02	-4.91102966e-02	2.98392921e-02	7.89495887e-01	4.02597858e-01	3.86898029e-01	7.84991444e-03	-3.94747944e-02	-9.63550224e-04	5.52149578e-21	-9.63550224e-04	9.63550224e-04
5274            	-1.92733303e-02	-4.91113710e-02	2.98380407e-02	7.89494116e-01	4.02603162e-01	3.86890955e-01	7.85610362e-03	-3.94747058e-02	-9.63666514e-04	5.52186705e-21	-9.63666514e-04	9.63666514e-04
5275            	-1.92756235e-02	-4.91124184e-02	2.98367948e-02	7.89492132e-01	4.02608384e-01	3.86883748e-01	7.86231798e-03	-3.94746066e-02	-9.63781177e-04	5.52223864e-21	-9.63781177e-04	9.63781177e-04
5276            	-1.92778843e-02	-4.91134388e-02	2.98355546e-02	7.89489934e-01	4.02613525e-01	3.86876409e-01	7.86855778e-03	-3.94744967e-02	-9.63894213e-04	5.52261052e-21	-9.63894213e-04	9.63894213e-04
5277            	-1.92801124e-02	-4.91144323e-02	2.98343200e-02	7.89487523e-01	4.02618585e-01	3.86868938e-01	7.87482317e-03	-3.94743761e-02	-9.64005619e-04	5.52298266e-21	-9.64005619e-04	9.64005619e-04
5278            	-1.92823078e-02	-4.91153988e-02	2.98330910e-02	7.89484897e-01	4.02623563e-01	3.86861334e-01	7.88111431e-03	-3.94742449e-02	-9.64115390e-04	5.52335506e-21	-9.64115390e-04	9.64115390e-04
5279            	-1.92844705e-02	-4.91163382e-02	2.98318677e-02	7.89482058e-01	4.02628461e-01	3.86853598e-01	7.88743142e-03	-3.94741029e-02	-9.64223525e-04	5.52372771e-21	-9.64223525e-04	9.64223525e-04
5280            	-1.92866005e-02	-4.91172505e-02	2.98306499e-02	7.89479004e-01	4.02633277e-01	3.86845727e-01	7.89377481e-03	-3.94739502e-02	-9.64330027e-04	5.52410060e-21	-9.64330027e-04	9.64330027e-04
5281            	-1.92888250e-02	-4.91181747e-02	2.98293497e-02	7.89475245e-01	4.02637977e-01	3.86837267e-01	7.90035498e-03	-3.94737622e-02	-9.64441250e-04	5.52449346e-21	-9.64441250e-04	9.64441250e-04
5282            	-1.92908495e-02	-4.91190199e-02	2.98281704e-02	7.89471903e-01	4.02642622e-01	3.86829281e-01	7.90667035e-03	-3.94735952e-02	-9.64542477e-04	5.52486114e-21	-9.64542477e-04	9.64542477e-04
5283            	-1.92928359e-02	-4.91198366e-02	2.98270007e-02	7.89468373e-01	4.02647194e-01	3.86821179e-01	7.91300737e-03	-3.94734187e-02	-9.64641795e-04	5.52522732e-21	-9.64641795e-04	9.64641795e-04
5284            	-1.92949179e-02	-4.91206649e-02	2.98257470e-02	7.89464119e-01	4.02651656e-01	3.86812463e-01	7.91959672e-03	-3.94732059e-02	-9.64745896e-04	5.52561400e-21	-9.64745896e-04	9.64745896e-04
5285            	-1.92968116e-02	-4.91214194e-02	2.98246078e-02	7.89460272e-01	4.02656081e-01	3.86804190e-01	7.92594542e-03	-3.94730136e-02	-9.64840578e-04	5.52597757e-21	-9.64840578e-04	9.64840578e-04
5286            	-1.92988062e-02	-4.91221864e-02	2.98233802e-02	7.89455666e-01	4.02660393e-01	3.86795273e-01	7.93255961e-03	-3.94727833e-02	-9.64940311e-04	5.52636112e-21	-9.64940311e-04	9.64940311e-04
5287            	-1.93007461e-02	-4.91229195e-02	2.98221735e-02	7.89450930e-01	4.02664625e-01	3.86786305e-01	7.93915962e-03	-3.94725465e-02	-9.65037304e-04	5.52674204e-21	-9.65037304e-04	9.65037304e-04
5288            	-1.93026312e-02	-4.91236189e-02	2.98209877e-02	7.89446066e-01	4.02668778e-01	3.86777288e-01	7.94574493e-03	-3.94723033e-02	-9.65131560e-04	5.52711914e-21	-9.65131560e-04	9.65131560e-04
5289            	-1.93043425e-02	-4.91242506e-02	2.98199081e-02	7.89441587e-01	4.02672905e-01	3.86768682e-01	7.95211160e-03	-3.94720793e-02	-9.65217125e-04	5.52747419e-21	-9.65217125e-04	9.65217125e-04
5290            	-1.93061729e-02	-4.91248985e-02	2.98187255e-02	7.89436240e-01	4.02676908e-01	3.86759332e-01	7.95878789e-03	-3.94718120e-02	-9.65308646e-04	5.52785199e-21	-9.65308646e-04	9.65308646e-04
5291            	-1.93079717e-02	-4.91255192e-02	2.98175475e-02	7.89430667e-01	4.02680829e-01	3.86749838e-01	7.96549506e-03	-3.94715334e-02	-9.65398587e-04	5.52823086e-21	-9.65398587e-04	9.65398587e-04
5292            	-1.93097381e-02	-4.91261127e-02	2.98163746e-02	7.89424873e-01	4.02684664e-01	3.86740209e-01	7.97222710e-03	-3.94712437e-02	-9.65486903e-04	5.52860937e-21	-9.65486903e-04	9.65486903e-04
5293            	-1.93114713e-02	-4.91266787e-02	2.98152074e-02	7.89418861e-01	4.02688412e-01	3.86730449e-01	7.97898144e-03	-3.94709431e-02	-9.65573563e-04	5.52898745e-21	-9.65573563e-04	9.65573563e-04
5294            	-1.93131711e-02	-4.91272172e-02	2.98140461e-02	7.89412632e-01	4.02692075e-01	3.86720557e-01	7.98575878e-03	-3.94706316e-02	-9.65658554e-04	5.52936524e-21	-9.65658554e-04	9.65658554e-04
5295            	-1.93148378e-02	-4.91277281e-02	2.98128903e-02	7.89406184e-01	4.02695654e-01	3.86710530e-01	7.99256230e-03	-3.94703092e-02	-9.65741888e-04	5.52974295e-21	-9.65741888e-04	9.65741888e-04
5296            	-1.93164720e-02	-4.91282116e-02	2.98117396e-02	7.89399513e-01	4.02699153e-01	3.86700360e-01	7.99939635e-03	-3.94699756e-02	-9.65823601e-04	5.53012088e-21	-9.65823601e-04	9.65823601e-04
5297            	-1.93180750e-02	-4.91286681e-02	2.98105931e-02	7.89392611e-01	4.02702571e-01	3.86690040e-01	8.00626531e-03	-3.94696306e-02	-9.65903750e-04	5.53049924e-21	-9.65903750e-04	9.65903750e-04
5298            	-1.93196481e-02	-4.91290978e-02	2.98094497e-02	7.89385475e-01	4.02705910e-01	3.86679565e-01	8.01317270e-03	-3.94692737e-02	-9.65982403e-04	5.53087822e-21	-9.65982403e-04	9.65982403e-04
5299            	-1.93211924e-02	-4.91295011e-02	2.98083087e-02	7.89378098e-01	4.02709169e-01	3.86668928e-01	8.02012069e-03	-3.94689049e-02	-9.66059622e-04	5.53125790e-21	-9.66059622e-04	9.66059622e-04
5300            	-1.93227091e-02	-4.91298784e-02	2.98071693e-02	7.89370477e-01	4.02712348e-01	3.86658128e-01	8.02711005e-03	-3.94685238e-02	-9.66135457e-04	5.53163829e-21	-9.66135457e-04	9.66135457e-04
5301            	-1.93241986e-02	-4.91302299e-02	2.98060313e-02	7.89362611e-01	4.02715446e-01	3.86647165e-01	8.03414041e-03	-3.94681306e-02	-9.66209931e-04	5.53201936e-21	-9.66209931e-04	9.66209931e-04
5302            	-1.93256608e-02	-4.91305556e-02	2.98048947e-02	7.89354503e-01	4.02718462e-01	3.86636041e-01	8.04121073e-03	-3.94677251e-02	-9.66283042e-04	5.53240107e-21	-9.66283042e-04	9.66283042e-04
5303            	-1.93270954e-02	-4.91308553e-02	2.98037600e-02	7.89346153e-01	4.02721396e-01	3.86624757e-01	8.04831974e-03	-3.94673077e-02	-9.66354769e-04	5.53278338e-21	-9.66354769e-04	9.66354769e-04
5304            	-1.93285015e-02	-4.91311290e-02	2.98026275e-02	7.89337566e-01	4.02724249e-01	3.86613316e-01	8.05546639e-03	-3.94668783e-02	-9.66425075e-04	5.53316627e-21	-9.66425075e-04	9.66425075e-04
5305            	-1.93298784e-02	-4.91313764e-02	2.98014979e-02	7.89328743e-01	4.02727022e-01	3.86601722e-01	8.06265004e-03	-3.94664372e-02	-9.66493922e-04	5.53354974e-21	-9.66493922e-04	9.66493922e-04
5306            	-1.93312257e-02	-4.91315972e-02	2.98003716e-02	7.89319688e-01	4.02729715e-01	3.86589974e-01	8.06987060e-03	-3.94659844e-02	-9.66561283e-04	5.53393382e-21	-9.66561283e-04	9.66561283e-04
5307            	-1.93325428e-02	-4.91317915e-02	2.97992487e-02	7.89310401e-01	4.02732329e-01	3.86578072e-01	8.07712845e-03	-3.94655201e-02	-9.66627140e-04	5.53431854e-21	-9.66627140e-04	9.66627140e-04
5308            	-1.93338299e-02	-4.91319591e-02	2.97981292e-02	7.89300882e-01	4.02734866e-01	3.86566017e-01	8.08442435e-03	-3.94650441e-02	-9.66691494e-04	5.53470393e-21	-9.66691494e-04	9.66691494e-04
5309            	-1.93350872e-02	-4.91321001e-02	2.97970129e-02	7.89291130e-01	4.02737324e-01	3.86553806e-01	8.09175918e-03	-3.94645565e-02	-9.66754359e-04	5.53509001e-21	-9.66754359e-04	9.66754359e-04
5310            	-1.93363151e-02	-4.91322147e-02	2.97958996e-02	7.89281144e-01	4.02739706e-01	3.86541438e-01	8.09913389e-03	-3.94640572e-02	-9.66815754e-04	5.53547681e-21	-9.66815754e-04	9.66815754e-04
5311            	-1.93376003e-02	-4.91323208e-02	2.97947205e-02	7.89270413e-01	4.02741932e-01	3.86528481e-01	8.10672518e-03	-3.94635206e-02	-9.66880014e-04	5.53587057e-21	-9.66880014e-04	9.66880014e-04
5312            	-1.93388259e-02	-4.91323946e-02	2.97935687e-02	7.89259633e-01	4.02744102e-01	3.86515530e-01	8.11428623e-03	-3.94629816e-02	-9.66941294e-04	5.53626356e-21	-9.66941294e-04	9.66941294e-04
5313            	-1.93399870e-02	-4.91324349e-02	2.97924479e-02	7.89248829e-01	4.02746225e-01	3.86502604e-01	8.12181081e-03	-3.94624414e-02	-9.66999349e-04	5.53665410e-21	-9.66999349e-04	9.66999349e-04
5314            	-1.93410861e-02	-4.91324421e-02	2.97913560e-02	7.89237981e-01	4.02748301e-01	3.86489680e-01	8.12931047e-03	-3.94618991e-02	-9.67054307e-04	5.53704228e-21	-9.67054307e-04	9.67054307e-04
5315            	-1.93421315e-02	-4.91324176e-02	2.97902861e-02	7.89227036e-01	4.02750326e-01	3.86476710e-01	8.13680800e-03	-3.94613518e-02	-9.67106577e-04	5.53742879e-21	-9.67106577e-04	9.67106577e-04
5316            	-1.93431346e-02	-4.91323636e-02	2.97892290e-02	7.89215925e-01	4.02752293e-01	3.86463633e-01	8.14432997e-03	-3.94607963e-02	-9.67156728e-04	5.53781467e-21	-9.67156728e-04	9.67156728e-04
5317            	-1.93441072e-02	-4.91322826e-02	2.97881754e-02	7.89204580e-01	4.02754190e-01	3.86450390e-01	8.15190040e-03	-3.94602290e-02	-9.67205359e-04	5.53820108e-21	-9.67205359e-04	9.67205359e-04
5318            	-1.93450596e-02	-4.91321771e-02	2.97871175e-02	7.89192946e-01	4.02756010e-01	3.86436937e-01	8.15953649e-03	-3.94596473e-02	-9.67252980e-04	5.53858906e-21	-9.67252980e-04	9.67252980e-04
5319            	-1.93459988e-02	-4.91320490e-02	2.97860501e-02	7.89180991e-01	4.02757742e-01	3.86423249e-01	8.16724682e-03	-3.94590495e-02	-9.67299940e-04	5.53897933e-21	-9.67299940e-04	9.67299940e-04
5320            	-1.93469277e-02	-4.91318991e-02	2.97849714e-02	7.89168705e-01	4.02759384e-01	3.86409321e-01	8.17503181e-03	-3.94584352e-02	-9.67346386e-04	5.53937230e-21	-9.67346386e-04	9.67346386e-04
5321            	-1.93478454e-02	-4.91317276e-02	2.97838822e-02	7.89156099e-01	4.02760935e-01	3.86395164e-01	8.18288561e-03	-3.94578049e-02	-9.67392268e-04	5.53976800e-21	-9.67392268e-04	9.67392268e-04
5322            	-1.93487478e-02	-4.91315337e-02	2.97827859e-02	7.89143196e-01	4.02762397e-01	3.86380799e-01	8.19079885e-03	-3.94571598e-02	-9.67437389e-04	5.54016618e-21	-9.67437389e-04	9.67437389e-04
5323            	-1.93496292e-02	-4.91313160e-02	2.97816868e-02	7.89130028e-01	4.02763775e-01	3.86366253e-01	8.19876133e-03	-3.94565014e-02	-9.67481462e-04	5.54056640e-21	-9.67481462e-04	9.67481462e-04
5324            	-1.93504836e-02	-4.91310731e-02	2.97805894e-02	7.89116625e-01	4.02765077e-01	3.86351548e-01	8.20676419e-03	-3.94558313e-02	-9.67524182e-04	5.54096810e-21	-9.67524182e-04	9.67524182e-04
5325            	-1.93513058e-02	-4.91308035e-02	2.97794977e-02	7.89103012e-01	4.02766307e-01	3.86336705e-01	8.21480126e-03	-3.94551506e-02	-9.67565290e-04	5.54137077e-21	-9.67565290e-04	9.67565290e-04
5326            	-1.93520921e-02	-4.91305062e-02	2.97784141e-02	7.89089203e-01	4.02767471e-01	3.86321732e-01	8.22286956e-03	-3.94544601e-02	-9.67604605e-04	5.54177396e-21	-9.67604605e-04	9.67604605e-04
5327            	-1.93528410e-02	-4.91301807e-02	2.97773397e-02	7.89075204e-01	4.02768571e-01	3.86306633e-01	8.23096906e-03	-3.94537602e-02	-9.67642051e-04	5.54217736e-21	-9.67642051e-04	9.67642051e-04
5328            	-1.93535528e-02	-4.91298271e-02	2.97762743e-02	7.89061014e-01	4.02769609e-01	3.86291405e-01	8.23910196e-03	-3.94530507e-02	-9.67677641e-04	5.54258083e-21	-9.67677641e-04	9.67677641e-04
5329            	-1.93542292e-02	-4.91294458e-02	2.97752166e-02	7.89046624e-01	4.02770584e-01	3.86276040e-01	8.24727172e-03	-3.94523312e-02	-9.67711462e-04	5.54298441e-21	-9.67711462e-04	9.67711462e-04
5330            	-1.93548727e-02	-4.91290375e-02	2.97741648e-02	7.89032023e-01	4.02771494e-01	3.86260529e-01	8.25548217e-03	-3.94516011e-02	-9.67743637e-04	5.54338826e-21	-9.67743637e-04	9.67743637e-04
5331            	-1.93554859e-02	-4.91286029e-02	2.97731170e-02	7.89017199e-01	4.02772336e-01	3.86244863e-01	8.26373668e-03	-3.94508599e-02	-9.67774297e-04	5.54379262e-21	-9.67774297e-04	9.67774297e-04
5332            	-1.93560710e-02	-4.91281426e-02	2.97720716e-02	7.89002142e-01	4.02773109e-01	3.86229034e-01	8.27203772e-03	-3.94501071e-02	-9.67803552e-04	5.54419780e-21	-9.67803552e-04	9.67803552e-04
5333            	-1.93566295e-02	-4.91276572e-02	2.97710277e-02	7.88986848e-01	4.02773811e-01	3.86213037e-01	8.28038661e-03	-3.94493424e-02	-9.67831475e-04	5.54460406e-21	-9.67831475e-04	9.67831475e-04
5334            	-1.93571619e-02	-4.91271466e-02	2.97699847e-02	7.88971313e-01	4.02774440e-01	3.86196873e-01	8.28878357e-03	-3.94485657e-02	-9.67858097e-04	5.54501164e-21	-9.67858097e-04	9.67858097e-04
5335            	-1.93576682e-02	-4.91266111e-02	2.97689429e-02	7.88955539e-01	4.02774998e-01	3.86180542e-01	8.29722794e-03	-3.94477770e-02	-9.67883408e-04	5.54542068e-21	-9.67883408e-04	9.67883408e-04
5336            	-1.93581474e-02	-4.91260502e-02	2.97679028e-02	7.88939530e-01	4.02775483e-01	3.86164047e-01	8.30571846e-03	-3.94469765e-02	-9.67907370e-04	5.54583121e-21	-9.67907370e-04	9.67907370e-04
5337            	-1.93585985e-02	-4.91254638e-02	2.97668653e-02	7.88923291e-01	4.02775899e-01	3.86147392e-01	8.31425365e-03	-3.94461645e-02	-9.67929925e-04	5.54624321e-21	-9.67929925e-04	9.67929925e-04
5338            	-1.93590203e-02	-4.91248515e-02	2.97658312e-02	7.88906827e-01	4.02776246e-01	3.86130581e-01	8.32283208e-03	-3.94453414e-02	-9.67951016e-04	5.54665657e-21	-9.67951016e-04	9.67951016e-04
5339            	-1.93594118e-02	-4.91242131e-02	2.97648013e-02	7.88890145e-01	4.02776525e-01	3.86113620e-01	8.33145257e-03	-3.94445072e-02	-9.67970591e-04	5.54707114e-21	-9.67970591e-04	9.67970591e-04
5340            	-1.93597722e-02	-4.91235485e-02	2.97637763e-02	7.88873248e-01	4.02776738e-01	3.86096510e-01	8.34011432e-03	-3.94436624e-02	-9.67988611e-04	5.54748678e-21	-9.67988611e-04	9.67988611e-04
5341            	-1.93601011e-02	-4.91228575e-02	2.97627564e-02	7.88856139e-01	4.02776886e-01	3.86079253e-01	8.34881695e-03	-3.94428070e-02	-9.68005053e-04	5.54790335e-21	-9.68005053e-04	9.68005053e-04
5342            	-1.93603982e-02	-4.91221401e-02	2.97617419e-02	7.88838820e-01	4.02776970e-01	3.86061850e-01	8.35756041e-03	-3.94419410e-02	-9.68019911e-04	5.54832078e-21	-9.68019911e-04	9.68019911e-04
5343            	-1.93606638e-02	-4.91213965e-02	2.97607327e-02	7.88821291e-01	4.02776991e-01	3.86044301e-01	8.36634489e-03	-3.94410646e-02	-9.68033190e-04	5.54873902e-21	-9.68033190e-04	9.68033190e-04
5344            	-1.93608980e-02	-4.91206266e-02	2.97597286e-02	7.88803552e-01	4.02776947e-01	3.86026605e-01	8.37517074e-03	-3.94401776e-02	-9.68044901e-04	5.54915808e-21	-9.68044901e-04	9.68044901e-04
5345            	-1.93611012e-02	-4.91198307e-02	2.97587294e-02	7.88785601e-01	4.02776839e-01	3.86008762e-01	8.38403829e-03	-3.94392801e-02	-9.68055062e-04	5.54957801e-21	-9.68055062e-04	9.68055062e-04
5346            	-1.93612737e-02	-4.91190087e-02	2.97577350e-02	7.88767438e-01	4.02776667e-01	3.85990771e-01	8.39294785e-03	-3.94383719e-02	-9.68063685e-04	5.54999888e-21	-9.68063685e-04	9.68063685e-04
5347            	-1.93614157e-02	-4.91181609e-02	2.97567452e-02	7.88749062e-01	4.02776430e-01	3.85972631e-01	8.40189953e-03	-3.94374531e-02	-9.68070784e-04	5.55042078e-21	-9.68070784e-04	9.68070784e-04
5348            	-1.93616643e-02	-4.91173135e-02	2.97556492e-02	7.88729627e-01	4.02775977e-01	3.85953650e-01	8.41116357e-03	-3.94364814e-02	-9.68083214e-04	5.55086267e-21	-9.68083214e-04	9.68083214e-04
5349            	-1.93616965e-02	-4.91164069e-02	2.97547104e-02	7.88711173e-01	4.02775670e-01	3.85935504e-01	8.42008317e-03	-3.94355587e-02	-9.68084823e-04	5.55128114e-21	-9.68084823e-04	9.68084823e-04
5350            	-1.93618272e-02	-4.91154980e-02	2.97536708e-02	7.88691689e-01	4.02775152e-01	3.85916537e-01	8.42930780e-03	-3.94345844e-02	-9.68091358e-04	5.55171755e-21	-9.68091358e-04	9.68091358e-04
5351            	-1.93617480e-02	-4.91145303e-02	2.97527824e-02	7.88673127e-01	4.02774773e-01	3.85898354e-01	8.43820973e-03	-3.94336563e-02	-9.68087398e-04	5.55213149e-21	-9.68087398e-04	9.68087398e-04
5352            	-1.93617789e-02	-4.91135607e-02	2.97517817e-02	7.88653424e-01	4.02774167e-01	3.85879257e-01	8.44745504e-03	-3.94326712e-02	-9.68088947e-04	5.55256503e-21	-9.68088947e-04	9.68088947e-04
5353            	-1.93617518e-02	-4.91125599e-02	2.97508081e-02	7.88633681e-01	4.02773528e-01	3.85860152e-01	8.45668803e-03	-3.94316840e-02	-9.68087591e-04	5.55299693e-21	-9.68087591e-04	9.68087591e-04
5354            	-1.93616696e-02	-4.91115290e-02	2.97498594e-02	7.88613884e-01	4.02772855e-01	3.85841029e-01	8.46591311e-03	-3.94306942e-02	-9.68083480e-04	5.55342627e-21	-9.68083480e-04	9.68083480e-04
5355            	-1.93615388e-02	-4.91104690e-02	2.97489303e-02	7.88593993e-01	4.02772141e-01	3.85821852e-01	8.47514416e-03	-3.94296996e-02	-9.68076938e-04	5.55385390e-21	-9.68076938e-04	9.68076938e-04
5356            	-1.93613675e-02	-4.91093813e-02	2.97480138e-02	7.88573952e-01	4.02771375e-01	3.85802576e-01	8.48439929e-03	-3.94286976e-02	-9.68068376e-04	5.55428096e-21	-9.68068376e-04	9.68068376e-04
5357            	-1.93611640e-02	-4.91082673e-02	2.97471034e-02	7.88553707e-01	4.02770549e-01	3.85783158e-01	8.49369575e-03	-3.94276853e-02	-9.68058199e-04	5.55470865e-21	-9.68058199e-04	9.68058199e-04
5358            	-1.93609347e-02	-4.91071283e-02	2.97461936e-02	7.88533218e-01	4.02769655e-01	3.85763563e-01	8.50304626e-03	-3.94266609e-02	-9.68046735e-04	5.55513794e-21	-9.68046735e-04	9.68046735e-04
5359            	-1.93606838e-02	-4.91059651e-02	2.97452813e-02	7.88512465e-01	4.02768690e-01	3.85743775e-01	8.51245727e-03	-3.94256232e-02	-9.68034191e-04	5.55556950e-21	-9.68034191e-04	9.68034191e-04
5360            	-1.93604127e-02	-4.91047785e-02	2.97443658e-02	7.88491443e-01	4.02767651e-01	3.85723793e-01	8.52192895e-03	-3.94245722e-02	-9.68020633e-04	5.55600362e-21	-9.68020633e-04	9.68020633e-04
5361            	-1.93601200e-02	-4.91035683e-02	2.97434484e-02	7.88470167e-01	4.02766540e-01	3.85703627e-01	8.53145663e-03	-3.94235084e-02	-9.68005998e-04	5.55644023e-21	-9.68005998e-04	9.68005998e-04
5362            	-1.93598027e-02	-4.91023343e-02	2.97425316e-02	7.88448659e-01	4.02765362e-01	3.85683296e-01	8.54103292e-03	-3.94224329e-02	-9.67990134e-04	5.55687902e-21	-9.67990134e-04	9.67990134e-04
5363            	-1.93594568e-02	-4.91010756e-02	2.97416188e-02	7.88426944e-01	4.02764122e-01	3.85662822e-01	8.55064991e-03	-3.94213472e-02	-9.67972842e-04	5.55731950e-21	-9.67972842e-04	9.67972842e-04
5364            	-1.93591685e-02	-4.90998043e-02	2.97406359e-02	7.88404402e-01	4.02762704e-01	3.85641698e-01	8.56050273e-03	-3.94202201e-02	-9.67958424e-04	5.55776794e-21	-9.67958424e-04	9.67958424e-04
5365            	-1.93588085e-02	-4.90985026e-02	2.97396942e-02	7.88381968e-01	4.02761280e-01	3.85620688e-01	8.57029586e-03	-3.94190984e-02	-9.67940423e-04	5.55821522e-21	-9.67940423e-04	9.67940423e-04
5366            	-1.93583702e-02	-4.90971686e-02	2.97387984e-02	7.88359670e-01	4.02759857e-01	3.85599813e-01	8.58002215e-03	-3.94179835e-02	-9.67918511e-04	5.55865932e-21	-9.67918511e-04	9.67918511e-04
5367            	-1.93578578e-02	-4.90958018e-02	2.97379441e-02	7.88337459e-01	4.02758429e-01	3.85579030e-01	8.58969947e-03	-3.94168729e-02	-9.67892888e-04	5.55910021e-21	-9.67892888e-04	9.67892888e-04
5368            	-1.93572828e-02	-4.90944032e-02	2.97371204e-02	7.88315237e-01	4.02756979e-01	3.85558258e-01	8.59936061e-03	-3.94157618e-02	-9.67864139e-04	5.55953869e-21	-9.67864139e-04	9.67864139e-04
5369            	-1.93566608e-02	-4.90929749e-02	2.97363142e-02	7.88292891e-01	4.02755488e-01	3.85537403e-01	8.60904226e-03	-3.94146445e-02	-9.67833039e-04	5.55997613e-21	-9.67833039e-04	9.67833039e-04
5370            	-1.93560073e-02	-4.90915198e-02	2.97355125e-02	7.88270323e-01	4.02753937e-01	3.85516386e-01	8.61877579e-03	-3.94135161e-02	-9.67800363e-04	5.56041406e-21	-9.67800363e-04	9.67800363e-04
5371            	-1.93553345e-02	-4.90900405e-02	2.97347061e-02	7.88247466e-01	4.02752314e-01	3.85495151e-01	8.62858145e-03	-3.94123733e-02	-9.67766723e-04	5.56085382e-21	-9.67766723e-04	9.67766723e-04
5372            	-1.93546495e-02	-4.90885394e-02	2.97338898e-02	7.88224292e-01	4.02750613e-01	3.85473679e-01	8.63846658e-03	-3.94112146e-02	-9.67732477e-04	5.56129639e-21	-9.67732477e-04	9.67732477e-04
5373            	-1.93539540e-02	-4.90870175e-02	2.97330635e-02	7.88200809e-01	4.02748832e-01	3.85451978e-01	8.64842711e-03	-3.94100405e-02	-9.67697702e-04	5.56174223e-21	-9.67697702e-04	9.67697702e-04
5374            	-1.93532447e-02	-4.90854749e-02	2.97322303e-02	7.88177052e-01	4.02746977e-01	3.85430075e-01	8.65845110e-03	-3.94088526e-02	-9.67662233e-04	5.56219130e-21	-9.67662233e-04	9.67662233e-04
5375            	-1.93525149e-02	-4.90839107e-02	2.97313959e-02	7.88153066e-01	4.02745056e-01	3.85408010e-01	8.66852329e-03	-3.94076533e-02	-9.67625745e-04	5.56264312e-21	-9.67625745e-04	9.67625745e-04
5376            	-1.93517570e-02	-4.90823234e-02	2.97305664e-02	7.88128897e-01	4.02743078e-01	3.85385819e-01	8.67862922e-03	-3.94064449e-02	-9.67587850e-04	5.56309701e-21	-9.67587850e-04	9.67587850e-04
5377            	-1.93509639e-02	-4.90807111e-02	2.97297472e-02	7.88104583e-01	4.02741050e-01	3.85363533e-01	8.68875805e-03	-3.94052292e-02	-9.67548193e-04	5.56355216e-21	-9.67548193e-04	9.67548193e-04
5378            	-1.93501303e-02	-4.90790724e-02	2.97289421e-02	7.88080145e-01	4.02738977e-01	3.85341169e-01	8.69890391e-03	-3.94040073e-02	-9.67506513e-04	5.56400785e-21	-9.67506513e-04	9.67506513e-04
5379            	-1.93492536e-02	-4.90774064e-02	2.97281528e-02	7.88055592e-01	4.02736862e-01	3.85318730e-01	8.70906576e-03	-3.94027796e-02	-9.67462680e-04	5.56446355e-21	-9.67462680e-04	9.67462680e-04
5380            	-1.93483338e-02	-4.90757128e-02	2.97273790e-02	7.88030918e-01	4.02734705e-01	3.85296213e-01	8.71924634e-03	-3.94015459e-02	-9.67416688e-04	5.56491896e-21	-9.67416688e-04	9.67416688e-04
5381            	-1.93473726e-02	-4.90739919e-02	2.97266193e-02	7.88006112e-01	4.02732506e-01	3.85273605e-01	8.72945046e-03	-3.94003056e-02	-9.67368631e-04	5.56537403e-21	-9.67368631e-04	9.67368631e-04
5382            	-1.93463732e-02	-4.90722445e-02	2.97258713e-02	7.87981158e-01	4.02730262e-01	3.85250896e-01	8.73968338e-03	-3.93990579e-02	-9.67318660e-04	5.56582893e-21	-9.67318660e-04	9.67318660e-04
5383            	-1.93453387e-02	-4.90704715e-02	2.97251328e-02	7.87956043e-01	4.02727971e-01	3.85228072e-01	8.74994951e-03	-3.93978021e-02	-9.67266936e-04	5.56628395e-21	-9.67266936e-04	9.67266936e-04
5384            	-1.93442720e-02	-4.90686738e-02	2.97244019e-02	7.87930757e-01	4.02725630e-01	3.85205127e-01	8.76025163e-03	-3.93965379e-02	-9.67213599e-04	5.56673946e-21	-9.67213599e-04	9.67213599e-04
5385            	-1.93431748e-02	-4.90668522e-02	2.97236774e-02	7.87905296e-01	4.02723239e-01	3.85182057e-01	8.77059069e-03	-3.93952648e-02	-9.67158738e-04	5.56719578e-21	-9.67158738e-04	9.67158738e-04
5386            	-1.93420478e-02	-4.90650069e-02	2.97229591e-02	7.87879660e-01	4.02720796e-01	3.85158864e-01	8.78096603e-03	-3.93939830e-02	-9.67102392e-04	5.56765320e-21	-9.67102392e-04	9.67102392e-04
5387            	-1.93408910e-02	-4.90631382e-02	2.97222472e-02	7.87853854e-01	4.02718303e-01	3.85135551e-01	8.79137588e-03	-3.93926927e-02	-9.67044548e-04	5.56811186e-21	-9.67044548e-04	9.67044548e-04
5388            	-1.93397032e-02	-4.90612458e-02	2.97215426e-02	7.87827884e-01	4.02715760e-01	3.85112124e-01	8.80181800e-03	-3.93913942e-02	-9.66985158e-04	5.56857179e-21	-9.66985158e-04	9.66985158e-04
5389            	-1.93384832e-02	-4.90593294e-02	2.97208462e-02	7.87801757e-01	4.02713169e-01	3.85088588e-01	8.81229016e-03	-3.93900878e-02	-9.66924161e-04	5.56903292e-21	-9.66924161e-04	9.66924161e-04
5390            	-1.93372299e-02	-4.90573889e-02	2.97201591e-02	7.87775480e-01	4.02710530e-01	3.85064949e-01	8.82279057e-03	-3.93887740e-02	-9.66861494e-04	5.56949512e-21	-9.66861494e-04	9.66861494e-04
5391            	-1.93359421e-02	-4.90554240e-02	2.97194819e-02	7.87749058e-01	4.02707847e-01	3.85041211e-01	8.83331800e-03	-3.93874529e-02	-9.66797104e-04	5.56995820e-21	-9.66797104e-04	9.66797104e-04
5392            	-1.93346192e-02	-4.90534344e-02	2.97188152e-02	7.87722497e-01	4.02705120e-01	3.85017377e-01	8.84387172e-03	-3.93861248e-02	-9.66730958e-04	5.57042198e-21	-9.66730958e-04	9.66730958e-04
5393            	-1.93332608e-02	-4.90514203e-02	2.97181594e-02	7.87695797e-01	4.02702350e-01	3.84993447e-01	8.85445147e-03	-3.93847899e-02	-9.66663042e-04	5.57088633e-21	-9.66663042e-04	9.66663042e-04
5394            	-1.93318672e-02	-4.90493817e-02	2.97175145e-02	7.87668962e-01	4.02699538e-01	3.84969424e-01	8.86505730e-03	-3.93834481e-02	-9.66593358e-04	5.57135115e-21	-9.66593358e-04	9.66593358e-04
5395            	-1.93304384e-02	-4.90473188e-02	2.97168803e-02	7.87641991e-01	4.02696685e-01	3.84945306e-01	8.87568944e-03	-3.93820995e-02	-9.66521922e-04	5.57181641e-21	-9.66521922e-04	9.66521922e-04
5396            	-1.93289751e-02	-4.90452317e-02	2.97162566e-02	7.87614884e-01	4.02693790e-01	3.84921094e-01	8.88634810e-03	-3.93807442e-02	-9.66448755e-04	5.57228213e-21	-9.66448755e-04	9.66448755e-04
5397            	-1.93274776e-02	-4.90431209e-02	2.97156432e-02	7.87587641e-01	4.02690854e-01	3.84896787e-01	8.89703346e-03	-3.93793820e-02	-9.66373881e-04	5.57274840e-21	-9.66373881e-04	9.66373881e-04
5398            	-1.93259464e-02	-4.90409863e-02	2.97150399e-02	7.87560262e-01	4.02687877e-01	3.84872385e-01	8.90774556e-03	-3.93780131e-02	-9.66297321e-04	5.57321530e-21	-9.66297321e-04	9.66297321e-04
5399            	-1.93243818e-02	-4.90388282e-02	2.97144465e-02	7.87532747e-01	4.02684858e-01	3.84847889e-01	8.91848426e-03	-3.93766374e-02	-9.66219089e-04	5.57368293e-21	-9.66219089e-04	9.66219089e-04
5400            	-1.93227839e-02	-4.90366468e-02	2.97138629e-02	7.87505097e-01	4.02681798e-01	3.84823299e-01	8.92924945e-03	-3.93752549e-02	-9.66139195e-04	5.57415137e-21	-9.66139195e-04	9.66139195e-04
5401            	-1.93212812e-02	-4.90344632e-02	2.97131820e-02	7.87476452e-01	4.02678537e-01	3.84797915e-01	8.94031087e-03	-3.93738226e-02	-9.66064061e-04	5.57463867e-21	-9.66064061e-04	9.66064061e-04
5402            	-1.93195698e-02	-4.90322298e-02	2.97126601e-02	7.87448899e-01	4.02675460e-01	3.84773439e-01	8.95101081e-03	-3.93724450e-02	-9.65978488e-04	5.57510342e-21	-9.65978488e-04	9.65978488e-04
5403            	-1.93178193e-02	-4.90299716e-02	2.97121523e-02	7.87421238e-01	4.02672349e-01	3.84748889e-01	8.96172981e-03	-3.93710619e-02	-9.65890965e-04	5.57556718e-21	-9.65890965e-04	9.65890965e-04
5404            	-1.93161676e-02	-4.90277100e-02	2.97115424e-02	7.87392524e-01	4.02669028e-01	3.84723496e-01	8.97276602e-03	-3.93696262e-02	-9.65808380e-04	5.57605037e-21	-9.65808380e-04	9.65808380e-04
5405            	-1.93143224e-02	-4.90254003e-02	2.97110778e-02	7.87364781e-01	4.02665871e-01	3.84698910e-01	8.98348082e-03	-3.93682390e-02	-9.65716122e-04	5.57651284e-21	-9.65716122e-04	9.65716122e-04
5406            	-1.93125820e-02	-4.90230881e-02	2.97105060e-02	7.87335941e-01	4.02662498e-01	3.84673443e-01	8.99452737e-03	-3.93667971e-02	-9.65629102e-04	5.57699433e-21	-9.65629102e-04	9.65629102e-04
5407            	-1.93107838e-02	-4.90207499e-02	2.97099661e-02	7.87307160e-01	4.02659120e-01	3.84648040e-01	9.00554045e-03	-3.93653580e-02	-9.65539191e-04	5.57747404e-21	-9.65539191e-04	9.65539191e-04
5408            	-1.93088024e-02	-4.90183660e-02	2.97095636e-02	7.87279296e-01	4.02655898e-01	3.84623398e-01	9.01624998e-03	-3.93639648e-02	-9.65440119e-04	5.57793314e-21	-9.65440119e-04	9.65440119e-04
5409            	-1.93069385e-02	-4.90159813e-02	2.97090428e-02	7.87250241e-01	4.02652443e-01	3.84597798e-01	9.02732226e-03	-3.93625121e-02	-9.65346923e-04	5.57841306e-21	-9.65346923e-04	9.65346923e-04
5410            	-1.93050327e-02	-4.90135731e-02	2.97085405e-02	7.87221136e-01	4.02648964e-01	3.84572172e-01	9.03839596e-03	-3.93610568e-02	-9.65251633e-04	5.57889349e-21	-9.65251633e-04	9.65251633e-04
5411            	-1.93030826e-02	-4.90111415e-02	2.97080589e-02	7.87192004e-01	4.02645465e-01	3.84546539e-01	9.04946302e-03	-3.93596002e-02	-9.65154128e-04	5.57937306e-21	-9.65154128e-04	9.65154128e-04
5412            	-1.93010883e-02	-4.90086864e-02	2.97075980e-02	7.87162844e-01	4.02641947e-01	3.84520898e-01	9.06052455e-03	-3.93581422e-02	-9.65054416e-04	5.57985187e-21	-9.65054416e-04	9.65054416e-04
5413            	-1.92990522e-02	-4.90062077e-02	2.97071555e-02	7.87133632e-01	4.02638404e-01	3.84495228e-01	9.07158837e-03	-3.93566816e-02	-9.64952612e-04	5.58033030e-21	-9.64952612e-04	9.64952612e-04
5414            	-1.92969781e-02	-4.90037057e-02	2.97067277e-02	7.87104334e-01	4.02634833e-01	3.84469502e-01	9.08266551e-03	-3.93552167e-02	-9.64848903e-04	5.58080891e-21	-9.64848903e-04	9.64848903e-04
5415            	-1.92948699e-02	-4.90011809e-02	2.97063109e-02	7.87074918e-01	4.02631226e-01	3.84443692e-01	9.09376689e-03	-3.93537459e-02	-9.64743497e-04	5.58128824e-21	-9.64743497e-04	9.64743497e-04
5416            	-1.92927317e-02	-4.89986338e-02	2.97059021e-02	7.87045359e-01	4.02627580e-01	3.84417779e-01	9.10490068e-03	-3.93522680e-02	-9.64636583e-04	5.58176877e-21	-9.64636583e-04	9.64636583e-04
5417            	-1.92905659e-02	-4.89960652e-02	2.97054993e-02	7.87015645e-01	4.02623893e-01	3.84391751e-01	9.11607113e-03	-3.93507822e-02	-9.64528295e-04	5.58225083e-21	-9.64528295e-04	9.64528295e-04
5418            	-1.92883739e-02	-4.89934756e-02	2.97051017e-02	7.86985773e-01	4.02620165e-01	3.84365608e-01	9.12727843e-03	-3.93492887e-02	-9.64418694e-04	5.58273457e-21	-9.64418694e-04	9.64418694e-04
5419            	-1.92861554e-02	-4.89908655e-02	2.97047100e-02	7.86955755e-01	4.02616397e-01	3.84339358e-01	9.13851972e-03	-3.93477877e-02	-9.64307772e-04	5.58321998e-21	-9.64307772e-04	9.64307772e-04
5420            	-1.92839093e-02	-4.89882348e-02	2.97043255e-02	7.86925602e-01	4.02612592e-01	3.84313011e-01	9.14979042e-03	-3.93462801e-02	-9.64195466e-04	5.58370691e-21	-9.64195466e-04	9.64195466e-04
5421            	-1.92816336e-02	-4.89855834e-02	2.97039498e-02	7.86895333e-01	4.02608752e-01	3.84286581e-01	9.16108567e-03	-3.93447666e-02	-9.64081681e-04	5.58419516e-21	-9.64081681e-04	9.64081681e-04
5422            	-1.92794137e-02	-4.89829216e-02	2.97035079e-02	7.86864295e-01	4.02604757e-01	3.84259538e-01	9.17260965e-03	-3.93432147e-02	-9.63970684e-04	5.58469192e-21	-9.63970684e-04	9.63970684e-04
5423            	-1.92771208e-02	-4.89802346e-02	2.97031138e-02	7.86833484e-01	4.02600790e-01	3.84232694e-01	9.18404838e-03	-3.93416742e-02	-9.63856040e-04	5.58518697e-21	-9.63856040e-04	9.63856040e-04
5424            	-1.92747518e-02	-4.89775212e-02	2.97027694e-02	7.86802907e-01	4.02596854e-01	3.84206052e-01	9.19540090e-03	-3.93401453e-02	-9.63737590e-04	5.58567869e-21	-9.63737590e-04	9.63737590e-04
5425            	-1.92723139e-02	-4.89747813e-02	2.97024674e-02	7.86772488e-01	4.02592936e-01	3.84179551e-01	9.20669247e-03	-3.93386244e-02	-9.63615695e-04	5.58616750e-21	-9.63615695e-04	9.63615695e-04
5426            	-1.92698210e-02	-4.89720159e-02	2.97021949e-02	7.86742108e-01	4.02589016e-01	3.84153092e-01	9.21796190e-03	-3.93371054e-02	-9.63491050e-04	5.58665459e-21	-9.63491050e-04	9.63491050e-04
5427            	-1.92672892e-02	-4.89692269e-02	2.97019377e-02	7.86711645e-01	4.02585071e-01	3.84126574e-01	9.22924860e-03	-3.93355823e-02	-9.63364459e-04	5.58714152e-21	-9.63364459e-04	9.63364459e-04
5428            	-1.92647327e-02	-4.89664166e-02	2.97016839e-02	7.86681005e-01	4.02581085e-01	3.84099919e-01	9.24058292e-03	-3.93340502e-02	-9.63236637e-04	5.58762980e-21	-9.63236637e-04	9.63236637e-04
5429            	-1.92621616e-02	-4.89635874e-02	2.97014258e-02	7.86650132e-01	4.02577047e-01	3.84073085e-01	9.25198108e-03	-3.93325066e-02	-9.63108078e-04	5.58812063e-21	-9.63108078e-04	9.63108078e-04
5430            	-1.92595798e-02	-4.89607409e-02	2.97011611e-02	7.86619019e-01	4.02572955e-01	3.84046065e-01	9.26344482e-03	-3.93309510e-02	-9.62978989e-04	5.58861465e-21	-9.62978989e-04	9.62978989e-04
5431            	-1.92569865e-02	-4.89578779e-02	2.97008914e-02	7.86587692e-01	4.02568811e-01	3.84018881e-01	9.27496511e-03	-3.93293846e-02	-9.62849324e-04	5.58911199e-21	-9.62849324e-04	9.62849324e-04
5432            	-1.92543764e-02	-4.89549981e-02	2.97006217e-02	7.86556199e-01	4.02564625e-01	3.83991573e-01	9.28652590e-03	-3.93278099e-02	-9.62718820e-04	5.58961226e-21	-9.62718820e-04	9.62718820e-04
5433            	-1.92517421e-02	-4.89521007e-02	2.97003586e-02	7.86524593e-01	4.02560406e-01	3.83964187e-01	9.29810966e-03	-3.93262297e-02	-9.62587105e-04	5.59011474e-21	-9.62587105e-04	9.62587105e-04
5434            	-1.92490761e-02	-4.89491842e-02	2.97001081e-02	7.86492923e-01	4.02556163e-01	3.83936760e-01	9.30970179e-03	-3.93246462e-02	-9.62453803e-04	5.59061859e-21	-9.62453803e-04	9.62453803e-04
5435            	-1.92463723e-02	-4.89462471e-02	2.96998748e-02	7.86461219e-01	4.02551903e-01	3.83909317e-01	9.32129314e-03	-3.93230610e-02	-9.62318615e-04	5.59112301e-21	-9.62318615e-04	9.62318615e-04
5436            	-1.92436274e-02	-4.89432884e-02	2.96996611e-02	7.86429495e-01	4.02547628e-01	3.83881867e-01	9.33288055e-03	-3.93214747e-02	-9.62181370e-04	5.59162741e-21	-9.62181370e-04	9.62181370e-04
5437            	-1.92408406e-02	-4.89403077e-02	2.96994671e-02	7.86397748e-01	4.02543340e-01	3.83854408e-01	9.34446586e-03	-3.93198874e-02	-9.62042029e-04	5.59213146e-21	-9.62042029e-04	9.62042029e-04
5438            	-1.92380133e-02	-4.89373049e-02	2.96992916e-02	7.86365965e-01	4.02539036e-01	3.83826929e-01	9.35605394e-03	-3.93182983e-02	-9.61900665e-04	5.59263510e-21	-9.61900665e-04	9.61900665e-04
5439            	-1.92351484e-02	-4.89342807e-02	2.96991323e-02	7.86334131e-01	4.02534716e-01	3.83799415e-01	9.36765059e-03	-3.93167065e-02	-9.61757419e-04	5.59313848e-21	-9.61757419e-04	9.61757419e-04
5440            	-1.92322491e-02	-4.89312360e-02	2.96989869e-02	7.86302229e-01	4.02530375e-01	3.83771854e-01	9.37926075e-03	-3.93151115e-02	-9.61612453e-04	5.59364189e-21	-9.61612453e-04	9.61612453e-04
5441            	-1.92293181e-02	-4.89281716e-02	2.96988535e-02	7.86270252e-01	4.02526013e-01	3.83744238e-01	9.39088735e-03	-3.93135126e-02	-9.61465906e-04	5.59414566e-21	-9.61465906e-04	9.61465906e-04
5442            	-1.92263574e-02	-4.89250884e-02	2.96987310e-02	7.86238194e-01	4.02521628e-01	3.83716566e-01	9.40253103e-03	-3.93119097e-02	-9.61317871e-04	5.59465008e-21	-9.61317871e-04	9.61317871e-04
5443            	-1.92233677e-02	-4.89219869e-02	2.96986192e-02	7.86206061e-01	4.02517221e-01	3.83688840e-01	9.41419034e-03	-3.93103030e-02	-9.61168383e-04	5.59515533e-21	-9.61168383e-04	9.61168383e-04
5444            	-1.92203485e-02	-4.89188672e-02	2.96985187e-02	7.86173858e-01	4.02512792e-01	3.83661067e-01	9.42586247e-03	-3.93086929e-02	-9.61017425e-04	5.59566149e-21	-9.61017425e-04	9.61017425e-04
5445            	-1.92172988e-02	-4.89157293e-02	2.96984305e-02	7.86141598e-01	4.02508343e-01	3.83633255e-01	9.43754402e-03	-3.93070799e-02	-9.60864941e-04	5.59616850e-21	-9.60864941e-04	9.60864941e-04
5446            	-1.92142171e-02	-4.89125730e-02	2.96983559e-02	7.86109289e-01	4.02503876e-01	3.83605413e-01	9.44923168e-03	-3.93054644e-02	-9.60710857e-04	5.59667621e-21	-9.60710857e-04	9.60710857e-04
5447            	-1.92111021e-02	-4.89093981e-02	2.96982960e-02	7.86076941e-01	4.02499393e-01	3.83577547e-01	9.46092287e-03	-3.93038470e-02	-9.60555103e-04	5.59718441e-21	-9.60555103e-04	9.60555103e-04
5448            	-1.92079525e-02	-4.89062043e-02	2.96982518e-02	7.86044561e-01	4.02494896e-01	3.83549665e-01	9.47261571e-03	-3.93022280e-02	-9.60397623e-04	5.59769287e-21	-9.60397623e-04	9.60397623e-04
5449            	-1.92047676e-02	-4.89029915e-02	2.96982240e-02	7.86012155e-01	4.02490386e-01	3.83521768e-01	9.48430899e-03	-3.93006077e-02	-9.60238378e-04	5.59820139e-21	-9.60238378e-04	9.60238378e-04
5450            	-1.92015471e-02	-4.88997598e-02	2.96982128e-02	7.85979726e-01	4.02485865e-01	3.83493861e-01	9.49600209e-03	-3.92989863e-02	-9.60077354e-04	5.59870980e-21	-9.60077354e-04	9.60077354e-04
5451            	-1.91982911e-02	-4.88965094e-02	2.96982183e-02	7.85947277e-01	4.02481333e-01	3.83465944e-01	9.50769470e-03	-3.92973639e-02	-9.59914554e-04	5.59921799e-21	-9.59914554e-04	9.59914554e-04
5452            	-1.91949999e-02	-4.88932404e-02	2.96982405e-02	7.85914809e-01	4.02476791e-01	3.83438018e-01	9.51938658e-03	-3.92957405e-02	-9.59749993e-04	5.59972593e-21	-9.59749993e-04	9.59749993e-04
5453            	-1.91916738e-02	-4.88899531e-02	2.96982793e-02	7.85882324e-01	4.02472240e-01	3.83410085e-01	9.53107740e-03	-3.92941162e-02	-9.59583691e-04	5.60023360e-21	-9.59583691e-04	9.59583691e-04
5454            	-1.91883133e-02	-4.88866479e-02	2.96983345e-02	7.85849824e-01	4.02467679e-01	3.83382145e-01	9.54276664e-03	-3.92924912e-02	-9.59415667e-04	5.60074104e-21	-9.59415667e-04	9.59415667e-04
5455            	-1.91849187e-02	-4.88833249e-02	2.96984062e-02	7.85817311e-01	4.02463109e-01	3.83354202e-01	9.55445352e-03	-3.92908655e-02	-9.59245933e-04	5.60124828e-21	-9.59245933e-04	9.59245933e-04
5456            	-1.91814899e-02	-4.88799843e-02	2.96984944e-02	7.85784787e-01	4.02458531e-01	3.83326257e-01	9.56613712e-03	-3.92892394e-02	-9.59074494e-04	5.60175536e-21	-9.59074494e-04	9.59074494e-04
5457            	-1.91780270e-02	-4.88766264e-02	2.96985994e-02	7.85752257e-01	4.02453945e-01	3.83298312e-01	9.57781636e-03	-3.92876129e-02	-9.58901349e-04	5.60226227e-21	-9.58901349e-04	9.58901349e-04
5458            	-1.91745298e-02	-4.88732511e-02	2.96987213e-02	7.85719724e-01	4.02449352e-01	3.83270372e-01	9.58949017e-03	-3.92859862e-02	-9.58726490e-04	5.60276899e-21	-9.58726490e-04	9.58726490e-04
5459            	-1.91709981e-02	-4.88698587e-02	2.96988605e-02	7.85687192e-01	4.02444754e-01	3.83242439e-01	9.60115746e-03	-3.92843596e-02	-9.58549907e-04	5.60327548e-21	-9.58549907e-04	9.58549907e-04
5460            	-1.91674317e-02	-4.88664491e-02	2.96990174e-02	7.85654665e-01	4.02440150e-01	3.83214515e-01	9.61281724e-03	-3.92827333e-02	-9.58371587e-04	5.60378169e-21	-9.58371587e-04	9.58371587e-04
5461            	-1.91638304e-02	-4.88630225e-02	2.96991921e-02	7.85622146e-01	4.02435542e-01	3.83186605e-01	9.62446859e-03	-3.92811073e-02	-9.58191520e-04	5.60428752e-21	-9.58191520e-04	9.58191520e-04
5462            	-1.91601940e-02	-4.88595790e-02	2.96993850e-02	7.85589639e-01	4.02430930e-01	3.83158709e-01	9.63611067e-03	-3.92794820e-02	-9.58009700e-04	5.60479291e-21	-9.58009700e-04	9.58009700e-04
5463            	-1.91565224e-02	-4.88561186e-02	2.96995962e-02	7.85557148e-01	4.02426317e-01	3.83130831e-01	9.64774272e-03	-3.92778574e-02	-9.57826120e-04	5.60529779e-21	-9.57826120e-04	9.57826120e-04
5464            	-1.91528156e-02	-4.88526415e-02	2.96998259e-02	7.85524675e-01	4.02421701e-01	3.83102973e-01	9.65936406e-03	-3.92762337e-02	-9.57640779e-04	5.60580210e-21	-9.57640779e-04	9.57640779e-04
5465            	-1.91490735e-02	-4.88491479e-02	2.97000744e-02	7.85492223e-01	4.02417085e-01	3.83075137e-01	9.67097401e-03	-3.92746111e-02	-9.57453677e-04	5.60630581e-21	-9.57453677e-04	9.57453677e-04
5466            	-1.91452964e-02	-4.88456379e-02	2.97003415e-02	7.85459794e-01	4.02412469e-01	3.83047325e-01	9.68257197e-03	-3.92729897e-02	-9.57264819e-04	5.60680890e-21	-9.57264819e-04	9.57264819e-04
5467            	-1.91414841e-02	-4.88421116e-02	2.97006275e-02	7.85427392e-01	4.02407853e-01	3.83019539e-01	9.69415733e-03	-3.92713696e-02	-9.57074206e-04	5.60731135e-21	-9.57074206e-04	9.57074206e-04
5468            	-1.91376369e-02	-4.88385693e-02	2.97009324e-02	7.85395018e-01	4.02403238e-01	3.82991779e-01	9.70572954e-03	-3.92697509e-02	-9.56881845e-04	5.60781316e-21	-9.56881845e-04	9.56881845e-04
5469            	-1.91337548e-02	-4.88350111e-02	2.97012563e-02	7.85362674e-01	4.02398625e-01	3.82964049e-01	9.71728806e-03	-3.92681337e-02	-9.56687739e-04	5.60831433e-21	-9.56687739e-04	9.56687739e-04
5470            	-1.91298379e-02	-4.88314371e-02	2.97015992e-02	7.85330363e-01	4.02394014e-01	3.82936349e-01	9.72883237e-03	-3.92665182e-02	-9.56491893e-04	5.60881485e-21	-9.56491893e-04	9.56491893e-04
5471            	-1.91258862e-02	-4.88278475e-02	2.97019612e-02	7.85298087e-01	4.02389405e-01	3.82908681e-01	9.74036199e-03	-3.92649043e-02	-9.56294312e-04	5.60931473e-21	-9.56294312e-04	9.56294312e-04
5472            	-1.91219000e-02	-4.88242424e-02	2.97023424e-02	7.85265848e-01	4.02384800e-01	3.82881047e-01	9.75187645e-03	-3.92632924e-02	-9.56094999e-04	5.60981395e-21	-9.56094999e-04	9.56094999e-04
5473            	-1.91178792e-02	-4.88206219e-02	2.97027428e-02	7.85233647e-01	4.02380199e-01	3.82853448e-01	9.76337532e-03	-3.92616824e-02	-9.55893958e-04	5.61031249e-21	-9.55893958e-04	9.55893958e-04
5474            	-1.91138239e-02	-4.88169863e-02	2.97031625e-02	7.85201488e-01	4.02375602e-01	3.82825886e-01	9.77485815e-03	-3.92600744e-02	-9.55691194e-04	5.61081034e-21	-9.55691194e-04	9.55691194e-04
5475            	-1.91097342e-02	-4.88133357e-02	2.97036015e-02	7.85169371e-01	4.02371010e-01	3.82798361e-01	9.78632455e-03	-3.92584686e-02	-9.55486710e-04	5.61130749e-21	-9.55486710e-04	9.55486710e-04
5476            	-1.91056102e-02	-4.88096701e-02	2.97040599e-02	7.85137300e-01	4.02366424e-01	3.82770876e-01	9.79777411e-03	-3.92568650e-02	-9.55280511e-04	5.61180391e-21	-9.55280511e-04	9.55280511e-04
5477            	-1.91014520e-02	-4.88059898e-02	2.97045378e-02	7.85105276e-01	4.02361844e-01	3.82743431e-01	9.80920648e-03	-3.92552638e-02	-9.55072601e-04	5.61229958e-21	-9.55072601e-04	9.55072601e-04
5478            	-1.90972598e-02	-4.88022949e-02	2.97050351e-02	7.85073300e-01	4.02357271e-01	3.82716029e-01	9.82062131e-03	-3.92536650e-02	-9.54862988e-04	5.61279450e-21	-9.54862988e-04	9.54862988e-04
5479            	-1.90930335e-02	-4.87985855e-02	2.97055519e-02	7.85041374e-01	4.02352705e-01	3.82688669e-01	9.83201831e-03	-3.92520687e-02	-9.54651677e-04	5.61328867e-21	-9.54651677e-04	9.54651677e-04
5480            	-1.90887736e-02	-4.87948618e-02	2.97060882e-02	7.85009500e-01	4.02348147e-01	3.82661353e-01	9.84339719e-03	-3.92504750e-02	-9.54438678e-04	5.61378207e-21	-9.54438678e-04	9.54438678e-04
5481            	-1.90844800e-02	-4.87911240e-02	2.97066440e-02	7.84977680e-01	4.02343598e-01	3.82634082e-01	9.85475771e-03	-3.92488840e-02	-9.54223999e-04	5.61427471e-21	-9.54223999e-04	9.54223999e-04
5482            	-1.90801530e-02	-4.87873722e-02	2.97072192e-02	7.84945914e-01	4.02339057e-01	3.82606858e-01	9.86609963e-03	-3.92472957e-02	-9.54007648e-04	5.61476659e-21	-9.54007648e-04	9.54007648e-04
5483            	-1.90757927e-02	-4.87836066e-02	2.97078139e-02	7.84914205e-01	4.02334525e-01	3.82579680e-01	9.87742275e-03	-3.92457102e-02	-9.53789635e-04	5.61525771e-21	-9.53789635e-04	9.53789635e-04
5484            	-1.90713994e-02	-4.87798273e-02	2.97084279e-02	7.84882553e-01	4.02330003e-01	3.82552550e-01	9.88872687e-03	-3.92441276e-02	-9.53569971e-04	5.61574808e-21	-9.53569971e-04	9.53569971e-04
5485            	-1.90669733e-02	-4.87760346e-02	2.97090613e-02	7.84850959e-01	4.02325491e-01	3.82525468e-01	9.90001183e-03	-3.92425480e-02	-9.53348666e-04	5.61623770e-21	-9.53348666e-04	9.53348666e-04
5486            	-1.90625146e-02	-4.87722286e-02	2.97097140e-02	7.84819425e-01	4.02320990e-01	3.82498435e-01	9.91127745e-03	-3.92409713e-02	-9.53125730e-04	5.61672656e-21	-9.53125730e-04	9.53125730e-04
5487            	-1.90580235e-02	-4.87684094e-02	2.97103859e-02	7.84787952e-01	4.02316500e-01	3.82471453e-01	9.92252360e-03	-3.92393976e-02	-9.52901173e-04	5.61721468e-21	-9.52901173e-04	9.52901173e-04
5488            	-1.90535002e-02	-4.87645772e-02	2.97110770e-02	7.84756542e-01	4.02312021e-01	3.82444521e-01	9.93375011e-03	-3.92378271e-02	-9.52675008e-04	5.61770206e-21	-9.52675008e-04	9.52675008e-04
5489            	-1.90489449e-02	-4.87607322e-02	2.97117873e-02	7.84725194e-01	4.02307554e-01	3.82417640e-01	9.94495684e-03	-3.92362597e-02	-9.52447243e-04	5.61818868e-21	-9.52447243e-04	9.52447243e-04
5490            	-1.90443578e-02	-4.87568745e-02	2.97125167e-02	7.84693912e-01	4.02303100e-01	3.82390812e-01	9.95614364e-03	-3.92346956e-02	-9.52217891e-04	5.61867455e-21	-9.52217891e-04	9.52217891e-04
5491            	-1.90397392e-02	-4.87530044e-02	2.97132651e-02	7.84662695e-01	4.02298658e-01	3.82364037e-01	9.96731040e-03	-3.92331347e-02	-9.51986962e-04	5.61915968e-21	-9.51986962e-04	9.51986962e-04
5492            	-1.90350894e-02	-4.87491219e-02	2.97140325e-02	7.84631544e-01	4.02294229e-01	3.82337315e-01	9.97845700e-03	-3.92315772e-02	-9.51754468e-04	5.61964406e-21	-9.51754468e-04	9.51754468e-04
5493            	-1.90304084e-02	-4.87452273e-02	2.97148189e-02	7.84600462e-01	4.02289814e-01	3.82310648e-01	9.98958333e-03	-3.92300231e-02	-9.51520421e-04	5.62012771e-21	-9.51520421e-04	9.51520421e-04
5494            	-1.90256967e-02	-4.87413207e-02	2.97156241e-02	7.84569448e-01	4.02285413e-01	3.82284035e-01	1.00006893e-02	-3.92284724e-02	-9.51284834e-04	5.62061061e-21	-9.51284834e-04	9.51284834e-04
5495            	-1.90209544e-02	-4.87374024e-02	2.97164480e-02	7.84538504e-01	4.02281027e-01	3.82257477e-01	1.00117748e-02	-3.92269252e-02	-9.51047718e-04	5.62109278e-21	-9.51047718e-04	9.51047718e-04
5496            	-1.90161818e-02	-4.87334724e-02	2.97172907e-02	7.84507631e-01	4.02276655e-01	3.82230976e-01	1.00228398e-02	-3.92253816e-02	-9.50809088e-04	5.62157422e-21	-9.50809088e-04	9.50809088e-04
5497            	-1.90113791e-02	-4.87295311e-02	2.97181519e-02	7.84476830e-01	4.02272299e-01	3.82204531e-01	1.00338842e-02	-3.92238415e-02	-9.50568956e-04	5.62205493e-21	-9.50568956e-04	9.50568956e-04
5498            	-1.90065467e-02	-4.87255784e-02	2.97190317e-02	7.84446101e-01	4.02267958e-01	3.82178143e-01	1.00449078e-02	-3.92223051e-02	-9.50327335e-04	5.62253493e-21	-9.50327335e-04	9.50327335e-04
5499            	-1.90016848e-02	-4.87216147e-02	2.97199299e-02	7.84415446e-01	4.02263634e-01	3.82151812e-01	1.00559107e-02	-3.92207723e-02	-9.50084238e-04	5.62301422e-21	-9.50084238e-04	9.50084238e-04
5500            	-1.89967936e-02	-4.87176401e-02	2.97208465e-02	7.84384866e-01	4.02259326e-01	3.82125540e-01	1.00668928e-02	-3.92192433e-02	-9.49839678e-04	5.62349280e-21	-9.49839678e-04	9.49839678e-04
5501            	-1.89918734e-02	-4.87136547e-02	2.97217813e-02	7.84354361e-01	4.02255034e-01	3.82099326e-01	1.00778540e-02	-3.92177180e-02	-9.49593669e-04	5.62397067e-21	-9.49593669e-04	9.49593669e-04
5502            	-1.89869245e-02	-4.87096589e-02	2.97227344e-02	7.84323932e-01	4.02250760e-01	3.82073172e-01	1.00887942e-02	-3.92161966e-02	-9.49346225e-04	5.62444785e-21	-9.49346225e-04	9.49346225e-04
5503            	-1.89819471e-02	-4.87056526e-02	2.97237055e-02	7.84293581e-01	4.02246504e-01	3.82047077e-01	1.00997133e-02	-3.92146791e-02	-9.49097357e-04	5.62492434e-21	-9.49097357e-04	9.49097357e-04
5504            	-1.89769416e-02	-4.87016362e-02	2.97246946e-02	7.84263308e-01	4.02242266e-01	3.82021043e-01	1.01106113e-02	-3.92131654e-02	-9.48847081e-04	5.62540014e-21	-9.48847081e-04	9.48847081e-04
5505            	-1.89719082e-02	-4.86976098e-02	2.97257017e-02	7.84233115e-01	4.02238046e-01	3.81995069e-01	1.01214882e-02	-3.92116557e-02	-9.48595409e-04	5.62587526e-21	-9.48595409e-04	9.48595409e-04
5506            	-1.89668471e-02	-4.86935736e-02	2.97267265e-02	7.84203001e-01	4.02233844e-01	3.81969157e-01	1.01323437e-02	-3.92101501e-02	-9.48342355e-04	5.62634970e-21	-9.48342355e-04	9.48342355e-04
5507            	-1.89617586e-02	-4.86895278e-02	2.97277691e-02	7.84172969e-01	4.02229663e-01	3.81943307e-01	1.01431780e-02	-3.92086485e-02	-9.48087932e-04	5.62682348e-21	-9.48087932e-04	9.48087932e-04
5508            	-1.89566431e-02	-4.86854725e-02	2.97288294e-02	7.84143019e-01	4.02225500e-01	3.81917519e-01	1.01539909e-02	-3.92071509e-02	-9.47832154e-04	5.62729659e-21	-9.47832154e-04	9.47832154e-04
5509            	-1.89515007e-02	-4.86814079e-02	2.97299072e-02	7.84113152e-01	4.02221358e-01	3.81891794e-01	1.01647822e-02	-3.92056576e-02	-9.47575034e-04	5.62776904e-21	-9.47575034e-04	9.47575034e-04
5510            	-1.89463317e-02	-4.86773343e-02	2.97310026e-02	7.84083368e-01	4.02217236e-01	3.81866132e-01	1.01755520e-02	-3.92041684e-02	-9.47316584e-04	5.62824084e-21	-9.47316584e-04	9.47316584e-04
5511            	-1.89411364e-02	-4.86732517e-02	2.97321153e-02	7.84053670e-01	4.02213135e-01	3.81840535e-01	1.01863001e-02	-3.92026835e-02	-9.47056819e-04	5.62871199e-21	-9.47056819e-04	9.47056819e-04
5512            	-1.89359150e-02	-4.86691604e-02	2.97332454e-02	7.84024057e-01	4.02209055e-01	3.81815002e-01	1.01970266e-02	-3.92012029e-02	-9.46795750e-04	5.62918251e-21	-9.46795750e-04	9.46795750e-04
5513            	-1.89306678e-02	-4.86650605e-02	2.97343927e-02	7.83994532e-01	4.02204997e-01	3.81789535e-01	1.02077312e-02	-3.91997266e-02	-9.46533392e-04	5.62965240e-21	-9.46533392e-04	9.46533392e-04
5514            	-1.89253951e-02	-4.86609523e-02	2.97355571e-02	7.83965094e-01	4.02200961e-01	3.81764133e-01	1.02184139e-02	-3.91982547e-02	-9.46269757e-04	5.63012166e-21	-9.46269757e-04	9.46269757e-04
5515            	-1.89200972e-02	-4.86568358e-02	2.97367386e-02	7.83935745e-01	4.02196947e-01	3.81738798e-01	1.02290746e-02	-3.91967872e-02	-9.46004859e-04	5.63059031e-21	-9.46004859e-04	9.46004859e-04
5516            	-1.89147742e-02	-4.86527114e-02	2.97379372e-02	7.83906485e-01	4.02192956e-01	3.81713529e-01	1.02397132e-02	-3.91953243e-02	-9.45738709e-04	5.63105835e-21	-9.45738709e-04	9.45738709e-04
5517            	-1.89094264e-02	-4.86485790e-02	2.97391527e-02	7.83877317e-01	4.02188988e-01	3.81688329e-01	1.02503296e-02	-3.91938658e-02	-9.45471319e-04	5.63152579e-21	-9.45471319e-04	9.45471319e-04
5518            	-1.89040540e-02	-4.86444390e-02	2.97403850e-02	7.83848240e-01	4.02185044e-01	3.81663196e-01	1.02609237e-02	-3.91924120e-02	-9.45202702e-04	5.63199263e-21	-9.45202702e-04	9.45202702e-04
5519            	-1.88986574e-02	-4.86402915e-02	2.97416342e-02	7.83819257e-01	4.02181124e-01	3.81638133e-01	1.02714953e-02	-3.91909628e-02	-9.44932869e-04	5.63245889e-21	-9.44932869e-04	9.44932869e-04
5520            	-1.88932366e-02	-4.86361367e-02	2.97429001e-02	7.83790368e-01	4.02177228e-01	3.81613139e-01	1.02820443e-02	-3.91895184e-02	-9.44661831e-04	5.63292456e-21	-9.44661831e-04	9.44661831e-04
5521            	-1.88877920e-02	-4.86319747e-02	2.97441827e-02	7.83761574e-01	4.02173357e-01	3.81588216e-01	1.02925706e-02	-3.91880787e-02	-9.44389600e-04	5.63338966e-21	-9.44389600e-04	9.44389600e-04
5522            	-1.88823237e-02	-4.86278057e-02	2.97454819e-02	7.83732876e-01	4.02169512e-01	3.81563364e-01	1.03030740e-02	-3.91866438e-02	-9.44116186e-04	5.63385419e-21	-9.44116186e-04	9.44116186e-04
5523            	-1.88768320e-02	-4.86236298e-02	2.97467978e-02	7.83704276e-01	4.02165692e-01	3.81538584e-01	1.03135543e-02	-3.91852138e-02	-9.43841601e-04	5.63431817e-21	-9.43841601e-04	9.43841601e-04
5524            	-1.88713171e-02	-4.86194473e-02	2.97481302e-02	7.83675775e-01	4.02161899e-01	3.81513876e-01	1.03240115e-02	-3.91837887e-02	-9.43565855e-04	5.63478159e-21	-9.43565855e-04	9.43565855e-04
5525            	-1.88657792e-02	-4.86152582e-02	2.97494791e-02	7.83647373e-01	4.02158132e-01	3.81489241e-01	1.03344454e-02	-3.91823687e-02	-9.43288958e-04	5.63524448e-21	-9.43288958e-04	9.43288958e-04
5526            	-1.88602184e-02	-4.86110629e-02	2.97508444e-02	7.83619073e-01	4.02154392e-01	3.81464681e-01	1.03448558e-02	-3.91809536e-02	-9.43010922e-04	5.63570683e-21	-9.43010922e-04	9.43010922e-04
5527            	-1.88546351e-02	-4.86068613e-02	2.97522262e-02	7.83590875e-01	4.02150680e-01	3.81440195e-01	1.03552425e-02	-3.91795437e-02	-9.42731756e-04	5.63616866e-21	-9.42731756e-04	9.42731756e-04
5528            	-1.88490294e-02	-4.86026537e-02	2.97536243e-02	7.83562780e-01	4.02146996e-01	3.81415785e-01	1.03656055e-02	-3.91781390e-02	-9.42451471e-04	5.63662997e-21	-9.42451471e-04	9.42451471e-04
5529            	-1.88434015e-02	-4.85984403e-02	2.97550388e-02	7.83534791e-01	4.02143340e-01	3.81391451e-01	1.03759444e-02	-3.91767395e-02	-9.42170075e-04	5.63709077e-21	-9.42170075e-04	9.42170075e-04
5530            	-1.88377516e-02	-4.85942211e-02	2.97564696e-02	7.83506907e-01	4.02139713e-01	3.81367194e-01	1.03862591e-02	-3.91753453e-02	-9.41887579e-04	5.63755107e-21	-9.41887579e-04	9.41887579e-04
5531            	-1.88320798e-02	-4.85899964e-02	2.97579166e-02	7.83479131e-01	4.02136115e-01	3.81343016e-01	1.03965495e-02	-3.91739565e-02	-9.41603991e-04	5.63801087e-21	-9.41603991e-04	9.41603991e-04
5532            	-1.88263864e-02	-4.85857664e-02	2.97593799e-02	7.83451463e-01	4.02132547e-01	3.81318916e-01	1.04068153e-02	-3.91725731e-02	-9.41319320e-04	5.63847020e-21	-9.41319320e-04	9.41319320e-04
5533            	-1.88206715e-02	-4.85815310e-02	2.97608595e-02	7.83423905e-01	4.02129009e-01	3.81294896e-01	1.04170563e-02	-3.91711953e-02	-9.41033576e-04	5.63892904e-21	-9.41033576e-04	9.41033576e-04
5534            	-1.88149353e-02	-4.85772906e-02	2.97623553e-02	7.83396459e-01	4.02125502e-01	3.81270957e-01	1.04272724e-02	-3.91698229e-02	-9.40746766e-04	5.63938741e-21	-9.40746766e-04	9.40746766e-04
5535            	-1.88091780e-02	-4.85730452e-02	2.97638673e-02	7.83369125e-01	4.02122026e-01	3.81247099e-01	1.04374633e-02	-3.91684562e-02	-9.40458899e-04	5.63984533e-21	-9.40458899e-04	9.40458899e-04
5536            	-1.88033997e-02	-4.85687951e-02	2.97653954e-02	7.83341905e-01	4.02118581e-01	3.81223324e-01	1.04476287e-02	-3.91670953e-02	-9.40169983e-04	5.64030279e-21	-9.40169983e-04	9.40169983e-04
5537            	-1.87976005e-02	-4.85645403e-02	2.97669398e-02	7.83314801e-01	4.02115169e-01	3.81199632e-01	1.04577686e-02	-3.91657400e-02	-9.39880026e-04	5.64075980e-21	-9.39880026e-04	9.39880026e-04
5538            	-1.87917807e-02	-4.85602810e-02	2.97685003e-02	7.83287813e-01	4.02111789e-01	3.81176024e-01	1.04678826e-02	-3.91643907e-02	-9.39589036e-04	5.64121638e-21	-9.39589036e-04	9.39589036e-04
5539            	-1.87859404e-02	-4.85560174e-02	2.97700770e-02	7.83260944e-01	4.02108442e-01	3.81152501e-01	1.04779705e-02	-3.91630472e-02	-9.39297020e-04	5.64167253e-21	-9.39297020e-04	9.39297020e-04
5540            	-1.87800798e-02	-4.85517496e-02	2.97716698e-02	7.83234194e-01	4.02105129e-01	3.81129065e-01	1.04880322e-02	-3.91617097e-02	-9.39003988e-04	5.64212826e-21	-9.39003988e-04	9.39003988e-04
5541            	-1.87741989e-02	-4.85474777e-02	2.97732788e-02	7.83207565e-01	4.02101850e-01	3.81105715e-01	1.04980675e-02	-3.91603782e-02	-9.38709946e-04	5.64258357e-21	-9.38709946e-04	9.38709946e-04
5542            	-1.87682980e-02	-4.85432019e-02	2.97749039e-02	7.83181058e-01	4.02098605e-01	3.81082453e-01	1.05080760e-02	-3.91590529e-02	-9.38414902e-04	5.64303849e-21	-9.38414902e-04	9.38414902e-04
5543            	-1.87623773e-02	-4.85389224e-02	2.97765451e-02	7.83154675e-01	4.02095395e-01	3.81059280e-01	1.05180576e-02	-3.91577337e-02	-9.38118864e-04	5.64349301e-21	-9.38118864e-04	9.38118864e-04
5544            	-1.87564368e-02	-4.85346392e-02	2.97782025e-02	7.83128417e-01	4.02092220e-01	3.81036196e-01	1.05280120e-02	-3.91564208e-02	-9.37821838e-04	5.64394715e-21	-9.37821838e-04	9.37821838e-04
5545            	-1.87504766e-02	-4.85303526e-02	2.97798760e-02	7.83102286e-01	4.02089082e-01	3.81013204e-01	1.05379391e-02	-3.91551143e-02	-9.37523832e-04	5.64440090e-21	-9.37523832e-04	9.37523832e-04
5546            	-1.87444971e-02	-4.85260626e-02	2.97815656e-02	7.83076282e-01	4.02085980e-01	3.80990303e-01	1.05478385e-02	-3.91538141e-02	-9.37224853e-04	5.64485429e-21	-9.37224853e-04	9.37224853e-04
5547            	-1.87384276e-02	-4.85217668e-02	2.97833392e-02	7.83051059e-01	4.02083013e-01	3.80968046e-01	1.05574836e-02	-3.91525530e-02	-9.36921379e-04	5.64529840e-21	-9.36921379e-04	9.36921379e-04
5548            	-1.87324376e-02	-4.85174693e-02	2.97850317e-02	7.83025011e-01	4.02079943e-01	3.80945068e-01	1.05674375e-02	-3.91512505e-02	-9.36621881e-04	5.64575427e-21	-9.36621881e-04	9.36621881e-04
5549            	-1.87264323e-02	-4.85131705e-02	2.97867382e-02	7.82999087e-01	4.02076907e-01	3.80922180e-01	1.05773637e-02	-3.91499543e-02	-9.36321614e-04	5.64621117e-21	-9.36321614e-04	9.36321614e-04
5550            	-1.87204046e-02	-4.85088705e-02	2.97884659e-02	7.82973365e-01	4.02073917e-01	3.80899447e-01	1.05872349e-02	-3.91486682e-02	-9.36020231e-04	5.64666720e-21	-9.36020231e-04	9.36020231e-04
5551            	-1.87142796e-02	-4.85045664e-02	2.97902868e-02	7.82948531e-01	4.02071077e-01	3.80877454e-01	1.05968113e-02	-3.91474266e-02	-9.35713982e-04	5.64711263e-21	-9.35713982e-04	9.35713982e-04
5552            	-1.87081524e-02	-4.85002585e-02	2.97921061e-02	7.82923647e-01	4.02068251e-01	3.80855396e-01	1.06064275e-02	-3.91461823e-02	-9.35407620e-04	5.64755930e-21	-9.35407620e-04	9.35407620e-04
5553            	-1.87020979e-02	-4.84959505e-02	2.97938526e-02	7.82898032e-01	4.02065337e-01	3.80832695e-01	1.06163212e-02	-3.91449016e-02	-9.35104895e-04	5.64801784e-21	-9.35104895e-04	9.35104895e-04
5554            	-1.86959466e-02	-4.84916389e-02	2.97956923e-02	7.82873312e-01	4.02062573e-01	3.80810739e-01	1.06259168e-02	-3.91436656e-02	-9.34797328e-04	5.64846661e-21	-9.34797328e-04	9.34797328e-04
5555            	-1.86897882e-02	-4.84873250e-02	2.97975368e-02	7.82848618e-01	4.02059833e-01	3.80788784e-01	1.06355244e-02	-3.91424309e-02	-9.34489410e-04	5.64891588e-21	-9.34489410e-04	9.34489410e-04
5556            	-1.86836232e-02	-4.84830093e-02	2.97993861e-02	7.82823954e-01	4.02057119e-01	3.80766836e-01	1.06451417e-02	-3.91411977e-02	-9.34181158e-04	5.64936646e-21	-9.34181158e-04	9.34181158e-04
5557            	-1.86774494e-02	-4.84786924e-02	2.98012429e-02	7.82799353e-01	4.02054434e-01	3.80744919e-01	1.06547574e-02	-3.91399676e-02	-9.33872472e-04	5.64981807e-21	-9.33872472e-04	9.33872472e-04
5558            	-1.86712636e-02	-4.84743746e-02	2.98031110e-02	7.82774856e-01	4.02051784e-01	3.80723072e-01	1.06643563e-02	-3.91387428e-02	-9.33563179e-04	5.65027016e-21	-9.33563179e-04	9.33563179e-04
5559            	-1.86650616e-02	-4.84700561e-02	2.98049945e-02	7.82750505e-01	4.02049176e-01	3.80701329e-01	1.06739234e-02	-3.91375253e-02	-9.33253080e-04	5.65072213e-21	-9.33253080e-04	9.33253080e-04
5560            	-1.86588398e-02	-4.84657366e-02	2.98068967e-02	7.82726333e-01	4.02046614e-01	3.80679718e-01	1.06834480e-02	-3.91363166e-02	-9.32941992e-04	5.65117345e-21	-9.32941992e-04	9.32941992e-04
5561            	-1.86525958e-02	-4.84614157e-02	2.98088199e-02	7.82702356e-01	4.02044103e-01	3.80658253e-01	1.06929246e-02	-3.91351178e-02	-9.32629788e-04	5.65162377e-21	-9.32629788e-04	9.32629788e-04
5562            	-1.86463282e-02	-4.84570930e-02	2.98107648e-02	7.82678578e-01	4.02041642e-01	3.80636936e-01	1.07023531e-02	-3.91339289e-02	-9.32316410e-04	5.65207293e-21	-9.32316410e-04	9.32316410e-04
5563            	-1.86400375e-02	-4.84527683e-02	2.98127308e-02	7.82654991e-01	4.02039233e-01	3.80615758e-01	1.07117373e-02	-3.91327496e-02	-9.32001876e-04	5.65252098e-21	-9.32001876e-04	9.32001876e-04
5564            	-1.86337252e-02	-4.84484416e-02	2.98147165e-02	7.82631581e-01	4.02036873e-01	3.80594708e-01	1.07210828e-02	-3.91315791e-02	-9.31686258e-04	5.65296811e-21	-9.31686258e-04	9.31686258e-04
5565            	-1.86273933e-02	-4.84441133e-02	2.98167200e-02	7.82608333e-01	4.02034562e-01	3.80573771e-01	1.07303955e-02	-3.91304166e-02	-9.31369666e-04	5.65341461e-21	-9.31369666e-04	9.31369666e-04
5566            	-1.86210443e-02	-4.84397838e-02	2.98187395e-02	7.82585233e-01	4.02032296e-01	3.80552937e-01	1.07396797e-02	-3.91292616e-02	-9.31052215e-04	5.65386078e-21	-9.31052215e-04	9.31052215e-04
5567            	-1.86146801e-02	-4.84354538e-02	2.98207737e-02	7.82562275e-01	4.02030075e-01	3.80532200e-01	1.07489379e-02	-3.91281138e-02	-9.30734003e-04	5.65430688e-21	-9.30734003e-04	9.30734003e-04
5568            	-1.86083019e-02	-4.84311238e-02	2.98228219e-02	7.82539457e-01	4.02027899e-01	3.80511558e-01	1.07581703e-02	-3.91269729e-02	-9.30415097e-04	5.65475309e-21	-9.30415097e-04	9.30415097e-04
5569            	-1.86019105e-02	-4.84267944e-02	2.98248839e-02	7.82516782e-01	4.02025767e-01	3.80491016e-01	1.07673756e-02	-3.91258391e-02	-9.30095525e-04	5.65519952e-21	-9.30095525e-04	9.30095525e-04
5570            	-1.85955056e-02	-4.84224656e-02	2.98269600e-02	7.82494256e-01	4.02023680e-01	3.80470577e-01	1.07765516e-02	-3.91247128e-02	-9.29775280e-04	5.65564616e-21	-9.29775280e-04	9.29775280e-04
5571            	-1.85890866e-02	-4.84181376e-02	2.98290510e-02	7.82471887e-01	4.02021639e-01	3.80450247e-01	1.07856959e-02	-3.91235943e-02	-9.29454331e-04	5.65609296e-21	-9.29454331e-04	9.29454331e-04
5572            	-1.85826527e-02	-4.84138103e-02	2.98311576e-02	7.82449680e-01	4.02019646e-01	3.80430033e-01	1.07948064e-02	-3.91224840e-02	-9.29132636e-04	5.65653981e-21	-9.29132636e-04	9.29132636e-04
5573            	-1.85762031e-02	-4.84094836e-02	2.98332805e-02	7.82427641e-01	4.02017702e-01	3.80409939e-01	1.08038817e-02	-3.91213821e-02	-9.28810155e-04	5.65698660e-21	-9.28810155e-04	9.28810155e-04
5574            	-1.85697372e-02	-4.84051573e-02	2.98354201e-02	7.82405774e-01	4.02015808e-01	3.80389966e-01	1.08129212e-02	-3.91202887e-02	-9.28486858e-04	5.65743320e-21	-9.28486858e-04	9.28486858e-04
5575            	-1.85632547e-02	-4.84008314e-02	2.98375767e-02	7.82384081e-01	4.02013965e-01	3.80370116e-01	1.08219249e-02	-3.91192041e-02	-9.28162734e-04	5.65787954e-21	-9.28162734e-04	9.28162734e-04
5576            	-1.85567557e-02	-4.83965059e-02	2.98397503e-02	7.82362562e-01	4.02012174e-01	3.80350388e-01	1.08308933e-02	-3.91181281e-02	-9.27837783e-04	5.65832557e-21	-9.27837783e-04	9.27837783e-04
5577            	-1.85502405e-02	-4.83921811e-02	2.98419406e-02	7.82341217e-01	4.02010435e-01	3.80330782e-01	1.08398268e-02	-3.91170608e-02	-9.27512023e-04	5.65877129e-21	-9.27512023e-04	9.27512023e-04
5578            	-1.85437096e-02	-4.83878570e-02	2.98441475e-02	7.82320045e-01	4.02008748e-01	3.80311297e-01	1.08487259e-02	-3.91160023e-02	-9.27185478e-04	5.65921671e-21	-9.27185478e-04	9.27185478e-04
5579            	-1.85371635e-02	-4.83835341e-02	2.98463706e-02	7.82299046e-01	4.02007114e-01	3.80291932e-01	1.08575909e-02	-3.91149523e-02	-9.26858175e-04	5.65966190e-21	-9.26858175e-04	9.26858175e-04
5580            	-1.85306028e-02	-4.83792124e-02	2.98486097e-02	7.82278221e-01	4.02005532e-01	3.80272689e-01	1.08664220e-02	-3.91139111e-02	-9.26530138e-04	5.66010690e-21	-9.26530138e-04	9.26530138e-04
5581            	-1.85240278e-02	-4.83748923e-02	2.98508646e-02	7.82257569e-01	4.02004004e-01	3.80253566e-01	1.08752188e-02	-3.91128785e-02	-9.26201388e-04	5.66055180e-21	-9.26201388e-04	9.26201388e-04
5582            	-1.85174388e-02	-4.83705740e-02	2.98531352e-02	7.82237092e-01	4.02002528e-01	3.80234565e-01	1.08839813e-02	-3.91118546e-02	-9.25871939e-04	5.66099663e-21	-9.25871939e-04	9.25871939e-04
5583            	-1.85108360e-02	-4.83662576e-02	2.98554216e-02	7.82216791e-01	4.02001105e-01	3.80215687e-01	1.08927091e-02	-3.91108396e-02	-9.25541799e-04	5.66144143e-21	-9.25541799e-04	9.25541799e-04
5584            	-1.85042195e-02	-4.83619431e-02	2.98577237e-02	7.82196668e-01	4.01999736e-01	3.80196932e-01	1.09014017e-02	-3.91098334e-02	-9.25210973e-04	5.66188623e-21	-9.25210973e-04	9.25210973e-04
5585            	-1.84975892e-02	-4.83576308e-02	2.98600416e-02	7.82176723e-01	4.01998421e-01	3.80178303e-01	1.09100590e-02	-3.91088362e-02	-9.24879461e-04	5.66233102e-21	-9.24879461e-04	9.24879461e-04
5586            	-1.84909453e-02	-4.83533207e-02	2.98623753e-02	7.82156960e-01	4.01997161e-01	3.80159799e-01	1.09186807e-02	-3.91078480e-02	-9.24547267e-04	5.66277578e-21	-9.24547267e-04	9.24547267e-04
5587            	-1.84842878e-02	-4.83490128e-02	2.98647250e-02	7.82137378e-01	4.01995956e-01	3.80141423e-01	1.09272666e-02	-3.91068689e-02	-9.24214389e-04	5.66322049e-21	-9.24214389e-04	9.24214389e-04
5588            	-1.84776166e-02	-4.83447074e-02	2.98670907e-02	7.82117981e-01	4.01994807e-01	3.80123174e-01	1.09358164e-02	-3.91058990e-02	-9.23880831e-04	5.66366513e-21	-9.23880831e-04	9.23880831e-04
5589            	-1.84709320e-02	-4.83404044e-02	2.98694724e-02	7.82098769e-01	4.01993715e-01	3.80105054e-01	1.09443302e-02	-3.91049384e-02	-9.23546598e-04	5.66410968e-21	-9.23546598e-04	9.23546598e-04
5590            	-1.84642339e-02	-4.83361041e-02	2.98718702e-02	7.82079743e-01	4.01992679e-01	3.80087064e-01	1.09528077e-02	-3.91039872e-02	-9.23211697e-04	5.66455413e-21	-9.23211697e-04	9.23211697e-04
5591            	-1.84575227e-02	-4.83318066e-02	2.98742839e-02	7.82060905e-01	4.01991701e-01	3.80069204e-01	1.09612487e-02	-3.91030453e-02	-9.22876134e-04	5.66499847e-21	-9.22876134e-04	9.22876134e-04
5592            	-1.84507984e-02	-4.83275120e-02	2.98767136e-02	7.82042257e-01	4.01990782e-01	3.80051475e-01	1.09696533e-02	-3.91021128e-02	-9.22539920e-04	5.66544271e-21	-9.22539920e-04	9.22539920e-04
5593            	-1.84440613e-02	-4.83232205e-02	2.98791593e-02	7.82023798e-01	4.01989920e-01	3.80033878e-01	1.09780211e-02	-3.91011899e-02	-9.22203065e-04	5.66588688e-21	-9.22203065e-04	9.22203065e-04
5594            	-1.84373116e-02	-4.83189323e-02	2.98816207e-02	7.82005530e-01	4.01989117e-01	3.80016413e-01	1.09863522e-02	-3.91002765e-02	-9.21865578e-04	5.66633098e-21	-9.21865578e-04	9.21865578e-04
5595            	-1.84305494e-02	-4.83146474e-02	2.98840980e-02	7.81987455e-01	4.01988374e-01	3.79999081e-01	1.09946464e-02	-3.90993727e-02	-9.21527470e-04	5.66677504e-21	-9.21527470e-04	9.21527470e-04
5596            	-1.84237750e-02	-4.83103661e-02	2.98865911e-02	7.81969572e-01	4.01987689e-01	3.79981882e-01	1.10029035e-02	-3.90984786e-02	-9.21188751e-04	5.66721908e-21	-9.21188751e-04	9.21188751e-04
5597            	-1.84169886e-02	-4.83060884e-02	2.98890998e-02	7.81951883e-01	4.01987065e-01	3.79964818e-01	1.10111235e-02	-3.90975941e-02	-9.20849430e-04	5.66766311e-21	-9.20849430e-04	9.20849430e-04
5598            	-1.84101903e-02	-4.83018146e-02	2.98916243e-02	7.81934389e-01	4.01986501e-01	3.79947888e-01	1.10193063e-02	-3.90967194e-02	-9.20509515e-04	5.66810715e-21	-9.20509515e-04	9.20509515e-04
5599            	-1.84033803e-02	-4.82975447e-02	2.98941644e-02	7.81917090e-01	4.01985997e-01	3.79931093e-01	1.10274517e-02	-3.90958545e-02	-9.20169014e-04	5.66855119e-21	-9.20169014e-04	9.20169014e-04
5600            	-1.83965587e-02	-4.82932788e-02	2.98967201e-02	7.81899989e-01	4.01985554e-01	3.79914435e-01	1.10355596e-02	-3.90949995e-02	-9.19827936e-04	5.66899524e-21	-9.19827936e-04	9.19827936e-04
5601            	-1.83897257e-02	-4.82890172e-02	2.98992915e-02	7.81883087e-01	4.01985173e-01	3.79897913e-01	1.10436299e-02	-3.90941543e-02	-9.19486285e-04	5.66943929e-21	-9.19486285e-04	9.19486285e-04
5602            	-1.83828814e-02	-4.82847599e-02	2.99018785e-02	7.81866384e-01	4.01984854e-01	3.79881530e-01	1.10516624e-02	-3.90933192e-02	-9.19144071e-04	5.66988335e-21	-9.19144071e-04	9.19144071e-04
5603            	-1.83760260e-02	-4.82805071e-02	2.99044811e-02	7.81849882e-01	4.01984598e-01	3.79865284e-01	1.10596569e-02	-3.90924941e-02	-9.18801299e-04	5.67032740e-21	-9.18801299e-04	9.18801299e-04
5604            	-1.83691596e-02	-4.82762588e-02	2.99070993e-02	7.81833581e-01	4.01984404e-01	3.79849177e-01	1.10676134e-02	-3.90916791e-02	-9.18457978e-04	5.67077146e-21	-9.18457978e-04	9.18457978e-04
5605            	-1.83622823e-02	-4.82720154e-02	2.99097331e-02	7.81817484e-01	4.01984274e-01	3.79833211e-01	1.10755316e-02	-3.90908742e-02	-9.18114114e-04	5.67121552e-21	-9.18114114e-04	9.18114114e-04
5606            	-1.83553943e-02	-4.82677767e-02	2.99123824e-02	7.81801592e-01	4.01984207e-01	3.79817384e-01	1.10834116e-02	-3.90900796e-02	-9.17769716e-04	5.67165959e-21	-9.17769716e-04	9.17769716e-04
5607            	-1.83484959e-02	-4.82635431e-02	2.99150473e-02	7.81785904e-01	4.01984205e-01	3.79801699e-01	1.10912530e-02	-3.90892952e-02	-9.17424793e-04	5.67210367e-21	-9.17424793e-04	9.17424793e-04
5608            	-1.83415871e-02	-4.82593147e-02	2.99177276e-02	7.81770423e-01	4.01984267e-01	3.79786156e-01	1.10990559e-02	-3.90885211e-02	-9.17079354e-04	5.67254777e-21	-9.17079354e-04	9.17079354e-04
5609            	-1.83346681e-02	-4.82550915e-02	2.99204234e-02	7.81755149e-01	4.01984395e-01	3.79770754e-01	1.11068202e-02	-3.90877574e-02	-9.16733407e-04	5.67299191e-21	-9.16733407e-04	9.16733407e-04
5610            	-1.83277393e-02	-4.82508738e-02	2.99231345e-02	7.81740083e-01	4.01984587e-01	3.79755496e-01	1.11145457e-02	-3.90870042e-02	-9.16386963e-04	5.67343608e-21	-9.16386963e-04	9.16386963e-04
5611            	-1.83208006e-02	-4.82466616e-02	2.99258610e-02	7.81725227e-01	4.01984846e-01	3.79740381e-01	1.11222324e-02	-3.90862613e-02	-9.16040030e-04	5.67388029e-21	-9.16040030e-04	9.16040030e-04
5612            	-1.83138523e-02	-4.82424552e-02	2.99286028e-02	7.81710580e-01	4.01985170e-01	3.79725410e-01	1.11298801e-02	-3.90855290e-02	-9.15692616e-04	5.67432455e-21	-9.15692616e-04	9.15692616e-04
5613            	-1.83068946e-02	-4.82382546e-02	2.99313599e-02	7.81696145e-01	4.01985561e-01	3.79710584e-01	1.11374888e-02	-3.90848073e-02	-9.15344732e-04	5.67476887e-21	-9.15344732e-04	9.15344732e-04
5614            	-1.82999277e-02	-4.82340600e-02	2.99341323e-02	7.81681922e-01	4.01986020e-01	3.79695903e-01	1.11450584e-02	-3.90840961e-02	-9.14996385e-04	5.67521325e-21	-9.14996385e-04	9.14996385e-04
5615            	-1.82929517e-02	-4.82298715e-02	2.99369198e-02	7.81667913e-01	4.01986545e-01	3.79681368e-01	1.11525887e-02	-3.90833956e-02	-9.14647584e-04	5.67565768e-21	-9.14647584e-04	9.14647584e-04
5616            	-1.82859667e-02	-4.82256892e-02	2.99397225e-02	7.81654117e-01	4.01987138e-01	3.79666979e-01	1.11600797e-02	-3.90827059e-02	-9.14298336e-04	5.67610218e-21	-9.14298336e-04	9.14298336e-04
5617            	-1.82789730e-02	-4.82215134e-02	2.99425404e-02	7.81640537e-01	4.01987800e-01	3.79652738e-01	1.11675312e-02	-3.90820269e-02	-9.13948651e-04	5.67654674e-21	-9.13948651e-04	9.13948651e-04
5618            	-1.82719707e-02	-4.82173441e-02	2.99453733e-02	7.81627174e-01	4.01988530e-01	3.79638644e-01	1.11749432e-02	-3.90813587e-02	-9.13598537e-04	5.67699136e-21	-9.13598537e-04	9.13598537e-04
5619            	-1.82649600e-02	-4.82131814e-02	2.99482214e-02	7.81614028e-01	4.01989329e-01	3.79624698e-01	1.11823155e-02	-3.90807014e-02	-9.13248002e-04	5.67743606e-21	-9.13248002e-04	9.13248002e-04
5620            	-1.82579411e-02	-4.82090256e-02	2.99510844e-02	7.81601100e-01	4.01990198e-01	3.79610902e-01	1.11896481e-02	-3.90800550e-02	-9.12897055e-04	5.67788083e-21	-9.12897055e-04	9.12897055e-04
5621            	-1.82509141e-02	-4.82048766e-02	2.99539625e-02	7.81588391e-01	4.01991137e-01	3.79597255e-01	1.11969409e-02	-3.90794196e-02	-9.12545707e-04	5.67832568e-21	-9.12545707e-04	9.12545707e-04
5622            	-1.82438793e-02	-4.82007348e-02	2.99568555e-02	7.81575903e-01	4.01992145e-01	3.79583758e-01	1.12041938e-02	-3.90787952e-02	-9.12193965e-04	5.67877062e-21	-9.12193965e-04	9.12193965e-04
5623            	-1.82368368e-02	-4.81966002e-02	2.99597634e-02	7.81563636e-01	4.01993225e-01	3.79570411e-01	1.12114067e-02	-3.90781818e-02	-9.11841838e-04	5.67921565e-21	-9.11841838e-04	9.11841838e-04
5624            	-1.82297867e-02	-4.81924729e-02	2.99626862e-02	7.81551591e-01	4.01994375e-01	3.79557216e-01	1.12185796e-02	-3.90775796e-02	-9.11489337e-04	5.67966077e-21	-9.11489337e-04	9.11489337e-04
5625            	-1.82227294e-02	-4.81883532e-02	2.99656238e-02	7.81539769e-01	4.01995597e-01	3.79544172e-01	1.12257123e-02	-3.90769885e-02	-9.11136470e-04	5.68010599e-21	-9.11136470e-04	9.11136470e-04
5626            	-1.82156649e-02	-4.81842410e-02	2.99685761e-02	7.81528171e-01	4.01996891e-01	3.79531281e-01	1.12328049e-02	-3.90764086e-02	-9.10783246e-04	5.68055132e-21	-9.10783246e-04	9.10783246e-04
5627            	-1.82085935e-02	-4.81801367e-02	2.99715432e-02	7.81516798e-01	4.01998256e-01	3.79518542e-01	1.12398571e-02	-3.90758399e-02	-9.10429675e-04	5.68099676e-21	-9.10429675e-04	9.10429675e-04
5628            	-1.82015153e-02	-4.81760402e-02	2.99745249e-02	7.81505651e-01	4.01999694e-01	3.79505956e-01	1.12468691e-02	-3.90752825e-02	-9.10075766e-04	5.68144232e-21	-9.10075766e-04	9.10075766e-04
5629            	-1.81944306e-02	-4.81719518e-02	2.99775212e-02	7.81494730e-01	4.02001206e-01	3.79493524e-01	1.12538406e-02	-3.90747365e-02	-9.09721528e-04	5.68188799e-21	-9.09721528e-04	9.09721528e-04
5630            	-1.81873394e-02	-4.81678716e-02	2.99805321e-02	7.81484037e-01	4.02002790e-01	3.79481247e-01	1.12607717e-02	-3.90742018e-02	-9.09366972e-04	5.68233379e-21	-9.09366972e-04	9.09366972e-04
5631            	-1.81802421e-02	-4.81637997e-02	2.99835575e-02	7.81473572e-01	4.02004448e-01	3.79469124e-01	1.12676622e-02	-3.90736786e-02	-9.09012106e-04	5.68277972e-21	-9.09012106e-04	9.09012106e-04
5632            	-1.81731388e-02	-4.81597362e-02	2.99865974e-02	7.81463337e-01	4.02006181e-01	3.79457156e-01	1.12745122e-02	-3.90731668e-02	-9.08656939e-04	5.68322578e-21	-9.08656939e-04	9.08656939e-04
5633            	-1.81660296e-02	-4.81556814e-02	2.99896518e-02	7.81453332e-01	4.02007987e-01	3.79445344e-01	1.12813215e-02	-3.90726666e-02	-9.08301481e-04	5.68367198e-21	-9.08301481e-04	9.08301481e-04
5634            	-1.81589148e-02	-4.81516353e-02	2.99927205e-02	7.81443557e-01	4.02009869e-01	3.79433689e-01	1.12880901e-02	-3.90721779e-02	-9.07945742e-04	5.68411832e-21	-9.07945742e-04	9.07945742e-04
5635            	-1.81517946e-02	-4.81475981e-02	2.99958035e-02	7.81434015e-01	4.02011826e-01	3.79422190e-01	1.12948180e-02	-3.90717008e-02	-9.07589731e-04	5.68456480e-21	-9.07589731e-04	9.07589731e-04
5636            	-1.81446691e-02	-4.81435699e-02	2.99989007e-02	7.81424706e-01	4.02013858e-01	3.79410848e-01	1.13015050e-02	-3.90712353e-02	-9.07233457e-04	5.68501144e-21	-9.07233457e-04	9.07233457e-04
5637            	-1.81375386e-02	-4.81395508e-02	3.00020122e-02	7.81415630e-01	4.02015966e-01	3.79399664e-01	1.13081511e-02	-3.90707815e-02	-9.06876931e-04	5.68545822e-21	-9.06876931e-04	9.06876931e-04
5638            	-1.81304032e-02	-4.81355411e-02	3.00051378e-02	7.81406789e-01	4.02018151e-01	3.79388638e-01	1.13147564e-02	-3.90703395e-02	-9.06520162e-04	5.68590517e-21	-9.06520162e-04	9.06520162e-04
5639            	-1.81232632e-02	-4.81315408e-02	3.00082776e-02	7.81398183e-01	4.02020412e-01	3.79377771e-01	1.13213207e-02	-3.90699092e-02	-9.06163160e-04	5.68635228e-21	-9.06163160e-04	9.06163160e-04
5640            	-1.81161187e-02	-4.81275500e-02	3.00114313e-02	7.81389813e-01	4.02022751e-01	3.79367063e-01	1.13278439e-02	-3.90694907e-02	-9.05805935e-04	5.68679955e-21	-9.05805935e-04	9.05805935e-04
5641            	-1.81089699e-02	-4.81235690e-02	3.00145991e-02	7.81381680e-01	4.02025166e-01	3.79356514e-01	1.13343262e-02	-3.90690840e-02	-9.05448497e-04	5.68724700e-21	-9.05448497e-04	9.05448497e-04
5642            	-1.81018171e-02	-4.81195978e-02	3.00177807e-02	7.81373785e-01	4.02027660e-01	3.79346125e-01	1.13407673e-02	-3.90686893e-02	-9.05090855e-04	5.68769462e-21	-9.05090855e-04	9.05090855e-04
5643            	-1.80946604e-02	-4.81156366e-02	3.00209762e-02	7.81366129e-01	4.02030232e-01	3.79335897e-01	1.13471673e-02	-3.90683064e-02	-9.04733020e-04	5.68814243e-21	-9.04733020e-04	9.04733020e-04
5644            	-1.80875000e-02	-4.81116856e-02	3.00241856e-02	7.81358711e-01	4.02032882e-01	3.79325830e-01	1.13535262e-02	-3.90679356e-02	-9.04375001e-04	5.68859042e-21	-9.04375001e-04	9.04375001e-04
5645            	-1.80803362e-02	-4.81077448e-02	3.00274086e-02	7.81351534e-01	4.02035611e-01	3.79315923e-01	1.13598438e-02	-3.90675767e-02	-9.04016809e-04	5.68903859e-21	-9.04016809e-04	9.04016809e-04
5646            	-1.80731690e-02	-4.81038144e-02	3.00306454e-02	7.81344598e-01	4.02038419e-01	3.79306179e-01	1.13661202e-02	-3.90672299e-02	-9.03658451e-04	5.68948696e-21	-9.03658451e-04	9.03658451e-04
5647            	-1.80659988e-02	-4.80998946e-02	3.00338958e-02	7.81337904e-01	4.02041307e-01	3.79296597e-01	1.13723552e-02	-3.90668952e-02	-9.03299940e-04	5.68993553e-21	-9.03299940e-04	9.03299940e-04
5648            	-1.80588257e-02	-4.80959854e-02	3.00371598e-02	7.81331452e-01	4.02044275e-01	3.79287177e-01	1.13785490e-02	-3.90665726e-02	-9.02941283e-04	5.69038430e-21	-9.02941283e-04	9.02941283e-04
5649            	-1.80516498e-02	-4.80920871e-02	3.00404373e-02	7.81325244e-01	4.02047323e-01	3.79277921e-01	1.13847013e-02	-3.90662622e-02	-9.02582492e-04	5.69083328e-21	-9.02582492e-04	9.02582492e-04
5650            	-1.80444715e-02	-4.80881997e-02	3.00437282e-02	7.81319280e-01	4.02050452e-01	3.79268828e-01	1.13908123e-02	-3.90659640e-02	-9.02223576e-04	5.69128248e-21	-9.02223576e-04	9.02223576e-04
5651            	-1.80372909e-02	-4.80843235e-02	3.00470326e-02	7.81313560e-01	4.02053662e-01	3.79259898e-01	1.13968817e-02	-3.90656780e-02	-9.01864544e-04	5.69173189e-21	-9.01864544e-04	9.01864544e-04
5652            	-1.80301082e-02	-4.80804584e-02	3.00503503e-02	7.81308087e-01	4.02056953e-01	3.79251134e-01	1.14029097e-02	-3.90654043e-02	-9.01505408e-04	5.69218152e-21	-9.01505408e-04	9.01505408e-04
5653            	-1.80229235e-02	-4.80766048e-02	3.00536813e-02	7.81302860e-01	4.02060326e-01	3.79242534e-01	1.14088962e-02	-3.90651430e-02	-9.01146175e-04	5.69263139e-21	-9.01146175e-04	9.01146175e-04
5654            	-1.80157371e-02	-4.80727626e-02	3.00570255e-02	7.81297881e-01	4.02063781e-01	3.79234099e-01	1.14148411e-02	-3.90648940e-02	-9.00786857e-04	5.69308148e-21	-9.00786857e-04	9.00786857e-04
5655            	-1.80085493e-02	-4.80689321e-02	3.00603828e-02	7.81293149e-01	4.02067319e-01	3.79225830e-01	1.14207444e-02	-3.90646575e-02	-9.00427464e-04	5.69353182e-21	-9.00427464e-04	9.00427464e-04
5656            	-1.80013601e-02	-4.80651134e-02	3.00637533e-02	7.81288666e-01	4.02070939e-01	3.79217727e-01	1.14266060e-02	-3.90644333e-02	-9.00068005e-04	5.69398240e-21	-9.00068005e-04	9.00068005e-04
5657            	-1.79941698e-02	-4.80613066e-02	3.00671367e-02	7.81284433e-01	4.02074643e-01	3.79209790e-01	1.14324261e-02	-3.90642217e-02	-8.99708491e-04	5.69443323e-21	-8.99708491e-04	8.99708491e-04
5658            	-1.79869787e-02	-4.80575118e-02	3.00705332e-02	7.81280450e-01	4.02078430e-01	3.79202021e-01	1.14382044e-02	-3.90640225e-02	-8.99348933e-04	5.69488431e-21	-8.99348933e-04	8.99348933e-04
5659            	-1.79797868e-02	-4.80537293e-02	3.00739425e-02	7.81276718e-01	4.02082300e-01	3.79194418e-01	1.14439411e-02	-3.90638359e-02	-8.98989340e-04	5.69533566e-21	-8.98989340e-04	8.98989340e-04
5660            	-1.79725944e-02	-4.80499591e-02	3.00773647e-02	7.81273238e-01	4.02086255e-01	3.79186983e-01	1.14496361e-02	-3.90636619e-02	-8.98629722e-04	5.69578726e-21	-8.98629722e-04	8.98629722e-04
5661            	-1.79654018e-02	-4.80462014e-02	3.00807996e-02	7.81270011e-01	4.02090295e-01	3.79179716e-01	1.14552893e-02	-3.90635005e-02	-8.98270090e-04	5.69623914e-21	-8.98270090e-04	8.98270090e-04
5662            	-1.79582091e-02	-4.80424563e-02	3.00842473e-02	7.81267036e-01	4.02094419e-01	3.79172617e-01	1.14609008e-02	-3.90633518e-02	-8.97910454e-04	5.69669129e-21	-8.97910454e-04	8.97910454e-04
5663            	-1.79510165e-02	-4.80387240e-02	3.00877075e-02	7.81264315e-01	4.02098628e-01	3.79165687e-01	1.14664705e-02	-3.90632158e-02	-8.97550825e-04	5.69714371e-21	-8.97550825e-04	8.97550825e-04
5664            	-1.79438242e-02	-4.80350046e-02	3.00911804e-02	7.81261849e-01	4.02102923e-01	3.79158926e-01	1.14719984e-02	-3.90630925e-02	-8.97191211e-04	5.69759643e-21	-8.97191211e-04	8.97191211e-04
5665            	-1.79366325e-02	-4.80312982e-02	3.00946657e-02	7.81259639e-01	4.02107304e-01	3.79152335e-01	1.14774845e-02	-3.90629819e-02	-8.96831626e-04	5.69804943e-21	-8.96831626e-04	8.96831626e-04
5666            	-1.79294416e-02	-4.80276050e-02	3.00981634e-02	7.81257684e-01	4.02111771e-01	3.79145913e-01	1.14829288e-02	-3.90628842e-02	-8.96472078e-04	5.69850272e-21	-8.96472078e-04	8.96472078e-04
5667            	-1.79222516e-02	-4.80239251e-02	3.01016735e-02	7.81255986e-01	4.02116324e-01	3.79139662e-01	1.14883313e-02	-3.90627993e-02	-8.96112579e-04	5.69895632e-21	-8.96112579e-04	8.96112579e-04
5668            	-1.79150628e-02	-4.80202586e-02	3.01051959e-02	7.81254545e-01	4.02120964e-01	3.79133580e-01	1.14936919e-02	-3.90627272e-02	-8.95753138e-04	5.69941022e-21	-8.95753138e-04	8.95753138e-04
5669            	-1.79078754e-02	-4.80166058e-02	3.01087304e-02	7.81253362e-01	4.02125692e-01	3.79127670e-01	1.14990107e-02	-3.90626681e-02	-8.95393768e-04	5.69986442e-21	-8.95393768e-04	8.95393768e-04
5670            	-1.79006895e-02	-4.80129666e-02	3.01122771e-02	7.81252437e-01	4.02130506e-01	3.79121931e-01	1.15042877e-02	-3.90626219e-02	-8.95034477e-04	5.70031894e-21	-8.95034477e-04	8.95034477e-04
5671            	-1.78935055e-02	-4.80093414e-02	3.01158359e-02	7.81251772e-01	4.02135409e-01	3.79116363e-01	1.15095228e-02	-3.90625886e-02	-8.94675276e-04	5.70077377e-21	-8.94675276e-04	8.94675276e-04
5672            	-1.78863235e-02	-4.80057301e-02	3.01194066e-02	7.81251367e-01	4.02140400e-01	3.79110968e-01	1.15147159e-02	-3.90625684e-02	-8.94316177e-04	5.70122893e-21	-8.94316177e-04	8.94316177e-04
5673            	-1.78791438e-02	-4.80021330e-02	3.01229892e-02	7.81251223e-01	4.02145479e-01	3.79105744e-01	1.15198673e-02	-3.90625611e-02	-8.93957190e-04	5.70168441e-21	-8.93957190e-04	8.93957190e-04
5674            	-1.78719665e-02	-4.79985502e-02	3.01265837e-02	7.81251339e-01	4.02150646e-01	3.79100693e-01	1.15249767e-02	-3.90625670e-02	-8.93598325e-04	5.70214021e-21	-8.93598325e-04	8.93598325e-04
5675            	-1.78647919e-02	-4.79949818e-02	3.01301900e-02	7.81251718e-01	4.02155903e-01	3.79095815e-01	1.15300443e-02	-3.90625859e-02	-8.93239593e-04	5.70259636e-21	-8.93239593e-04	8.93239593e-04
5676            	-1.78576201e-02	-4.79914280e-02	3.01338079e-02	7.81252359e-01	4.02161249e-01	3.79091110e-01	1.15350699e-02	-3.90626179e-02	-8.92881006e-04	5.70305284e-21	-8.92881006e-04	8.92881006e-04
5677            	-1.78504515e-02	-4.79878889e-02	3.01374374e-02	7.81253263e-01	4.02166685e-01	3.79086578e-01	1.15400537e-02	-3.90626632e-02	-8.92522573e-04	5.70350966e-21	-8.92522573e-04	8.92522573e-04
5678            	-1.78432861e-02	-4.79843646e-02	3.01410785e-02	7.81254431e-01	4.02172211e-01	3.79082220e-01	1.15449956e-02	-3.90627215e-02	-8.92164305e-04	5.70396683e-21	-8.92164305e-04	8.92164305e-04
5679            	-1.78361243e-02	-4.79808553e-02	3.01447310e-02	7.81255863e-01	4.02177827e-01	3.79078036e-01	1.15498955e-02	-3.90627932e-02	-8.91806213e-04	5.70442435e-21	-8.91806213e-04	8.91806213e-04
5680            	-1.78289661e-02	-4.79773611e-02	3.01483949e-02	7.81257560e-01	4.02183534e-01	3.79074027e-01	1.15547536e-02	-3.90628780e-02	-8.91448306e-04	5.70488223e-21	-8.91448306e-04	8.91448306e-04
5681            	-1.78218119e-02	-4.79738821e-02	3.01520702e-02	7.81259523e-01	4.02189331e-01	3.79070192e-01	1.15595697e-02	-3.90629762e-02	-8.91090597e-04	5.70534047e-21	-8.91090597e-04	8.91090597e-04
5682            	-1.78146619e-02	-4.79704186e-02	3.01557566e-02	7.81261752e-01	4.02195220e-01	3.79066532e-01	1.15643439e-02	-3.90630876e-02	-8.90733096e-04	5.70579907e-21	-8.90733096e-04	8.90733096e-04
5683            	-1.78075163e-02	-4.79669705e-02	3.01594542e-02	7.81264248e-01	4.02201200e-01	3.79063048e-01	1.15690762e-02	-3.90632124e-02	-8.90375814e-04	5.70625804e-21	-8.90375814e-04	8.90375814e-04
5684            	-1.78003752e-02	-4.79635382e-02	3.01631629e-02	7.81267011e-01	4.02207272e-01	3.79059739e-01	1.15737667e-02	-3.90633505e-02	-8.90018762e-04	5.70671738e-21	-8.90018762e-04	8.90018762e-04
5685            	-1.77932390e-02	-4.79601216e-02	3.01668826e-02	7.81270042e-01	4.02213436e-01	3.79056606e-01	1.15784153e-02	-3.90635021e-02	-8.89661952e-04	5.70717710e-21	-8.89661952e-04	8.89661952e-04
5686            	-1.77861079e-02	-4.79567210e-02	3.01706131e-02	7.81273341e-01	4.02219692e-01	3.79053649e-01	1.15830220e-02	-3.90636670e-02	-8.89305393e-04	5.70763720e-21	-8.89305393e-04	8.89305393e-04
5687            	-1.77789819e-02	-4.79533364e-02	3.01743545e-02	7.81276909e-01	4.02226041e-01	3.79050868e-01	1.15875868e-02	-3.90638455e-02	-8.88949097e-04	5.70809768e-21	-8.88949097e-04	8.88949097e-04
5688            	-1.77718615e-02	-4.79499681e-02	3.01781066e-02	7.81280747e-01	4.02232483e-01	3.79048264e-01	1.15921098e-02	-3.90640374e-02	-8.88593074e-04	5.70855856e-21	-8.88593074e-04	8.88593074e-04
5689            	-1.77647467e-02	-4.79466161e-02	3.01818694e-02	7.81284856e-01	4.02239019e-01	3.79045837e-01	1.15965908e-02	-3.90642428e-02	-8.88237335e-04	5.70901982e-21	-8.88237335e-04	8.88237335e-04
5690            	-1.77576378e-02	-4.79432806e-02	3.01856428e-02	7.81289234e-01	4.02245647e-01	3.79043587e-01	1.16010301e-02	-3.90644617e-02	-8.87881890e-04	5.70948149e-21	-8.87881890e-04	8.87881890e-04
5691            	-1.77505350e-02	-4.79399618e-02	3.01894267e-02	7.81293885e-01	4.02252370e-01	3.79041515e-01	1.16054274e-02	-3.90646942e-02	-8.87526752e-04	5.70994356e-21	-8.87526752e-04	8.87526752e-04
5692            	-1.77434386e-02	-4.79366596e-02	3.01932211e-02	7.81298807e-01	4.02259186e-01	3.79039620e-01	1.16097829e-02	-3.90649403e-02	-8.87171929e-04	5.71040604e-21	-8.87171929e-04	8.87171929e-04
5693            	-1.77363487e-02	-4.79333744e-02	3.01970257e-02	7.81304001e-01	4.02266097e-01	3.79037904e-01	1.16140966e-02	-3.90652001e-02	-8.86817433e-04	5.71086892e-21	-8.86817433e-04	8.86817433e-04
5694            	-1.77292655e-02	-4.79301062e-02	3.02008407e-02	7.81309469e-01	4.02273103e-01	3.79036366e-01	1.16183685e-02	-3.90654734e-02	-8.86463276e-04	5.71133223e-21	-8.86463276e-04	8.86463276e-04
5695            	-1.77221894e-02	-4.79268552e-02	3.02046658e-02	7.81315210e-01	4.02280203e-01	3.79035006e-01	1.16225986e-02	-3.90657605e-02	-8.86109469e-04	5.71179595e-21	-8.86109469e-04	8.86109469e-04
5696            	-1.77151204e-02	-4.79236214e-02	3.02085010e-02	7.81321225e-01	4.02287399e-01	3.79033825e-01	1.16267868e-02	-3.90660612e-02	-8.85756022e-04	5.71226010e-21	-8.85756022e-04	8.85756022e-04
5697            	-1.77080589e-02	-4.79204052e-02	3.02123462e-02	7.81327514e-01	4.02294690e-01	3.79032823e-01	1.16309334e-02	-3.90663757e-02	-8.85402947e-04	5.71272468e-21	-8.85402947e-04	8.85402947e-04
5698            	-1.77010051e-02	-4.79172064e-02	3.02162013e-02	7.81334078e-01	4.02302077e-01	3.79032001e-01	1.16350383e-02	-3.90667039e-02	-8.85050255e-04	5.71318969e-21	-8.85050255e-04	8.85050255e-04
5699            	-1.76939592e-02	-4.79140254e-02	3.02200663e-02	7.81340917e-01	4.02309560e-01	3.79031357e-01	1.16391014e-02	-3.90670459e-02	-8.84697958e-04	5.71365515e-21	-8.84697958e-04	8.84697958e-04
5700            	-1.76869213e-02	-4.79108623e-02	3.02239410e-02	7.81348033e-01	4.02317139e-01	3.79030893e-01	1.16431229e-02	-3.90674016e-02	-8.84346066e-04	5.71412105e-21	-8.84346066e-04	8.84346066e-04
5701            	-1.76798918e-02	-4.79077171e-02	3.02278253e-02	7.81355424e-01	4.02324815e-01	3.79030609e-01	1.16471027e-02	-3.90677712e-02	-8.83994591e-04	5.71458739e-21	-8.83994591e-04	8.83994591e-04
5702            	-1.76728708e-02	-4.79045901e-02	3.02317192e-02	7.81363093e-01	4.02332587e-01	3.79030506e-01	1.16510409e-02	-3.90681546e-02	-8.83643542e-04	5.71505419e-21	-8.83643542e-04	8.83643542e-04
5703            	-1.76658586e-02	-4.79014812e-02	3.02356226e-02	7.81371039e-01	4.02340457e-01	3.79030582e-01	1.16549374e-02	-3.90685519e-02	-8.83292930e-04	5.71552145e-21	-8.83292930e-04	8.83292930e-04
5704            	-1.76588553e-02	-4.78983908e-02	3.02395355e-02	7.81379263e-01	4.02348424e-01	3.79030839e-01	1.16587923e-02	-3.90689631e-02	-8.82942766e-04	5.71598916e-21	-8.82942766e-04	8.82942766e-04
5705            	-1.76518612e-02	-4.78953189e-02	3.02434576e-02	7.81387765e-01	4.02356488e-01	3.79031277e-01	1.16626056e-02	-3.90693883e-02	-8.82593061e-04	5.71645735e-21	-8.82593061e-04	8.82593061e-04
5706            	-1.76448765e-02	-4.78922656e-02	3.02473891e-02	7.81396546e-01	4.02364651e-01	3.79031896e-01	1.16663773e-02	-3.90698273e-02	-8.82243825e-04	5.71692600e-21	-8.82243825e-04	8.82243825e-04
5707            	-1.76379014e-02	-4.78892310e-02	3.02513297e-02	7.81405607e-01	4.02372911e-01	3.79032696e-01	1.16701074e-02	-3.90702804e-02	-8.81895069e-04	5.71739513e-21	-8.81895069e-04	8.81895069e-04
5708            	-1.76309361e-02	-4.78862154e-02	3.02552793e-02	7.81414947e-01	4.02381270e-01	3.79033678e-01	1.16737960e-02	-3.90707474e-02	-8.81546806e-04	5.71786474e-21	-8.81546806e-04	8.81546806e-04
5709            	-1.76239809e-02	-4.78832189e-02	3.02592379e-02	7.81424568e-01	4.02389727e-01	3.79034841e-01	1.16774432e-02	-3.90712284e-02	-8.81199046e-04	5.71833484e-21	-8.81199046e-04	8.81199046e-04
5710            	-1.76170360e-02	-4.78802415e-02	3.02632055e-02	7.81434469e-01	4.02398284e-01	3.79036186e-01	1.16810489e-02	-3.90717235e-02	-8.80851801e-04	5.71880542e-21	-8.80851801e-04	8.80851801e-04
5711            	-1.76101016e-02	-4.78772834e-02	3.02671818e-02	7.81444651e-01	4.02406939e-01	3.79037713e-01	1.16846132e-02	-3.90722326e-02	-8.80505082e-04	5.71927651e-21	-8.80505082e-04	8.80505082e-04
5712            	-1.76031780e-02	-4.78743448e-02	3.02711668e-02	7.81455115e-01	4.02415694e-01	3.79039421e-01	1.16881361e-02	-3.90727558e-02	-8.80158900e-04	5.71974810e-21	-8.80158900e-04	8.80158900e-04
5713            	-1.75962653e-02	-4.78714257e-02	3.02751604e-02	7.81465861e-01	4.02424548e-01	3.79041313e-01	1.16916178e-02	-3.90732930e-02	-8.79813267e-04	5.72022019e-21	-8.79813267e-04	8.79813267e-04
5714            	-1.75893639e-02	-4.78685264e-02	3.02791625e-02	7.81476888e-01	4.02433502e-01	3.79043386e-01	1.16950581e-02	-3.90738444e-02	-8.79468194e-04	5.72069279e-21	-8.79468194e-04	8.79468194e-04
5715            	-1.75824738e-02	-4.78656469e-02	3.02831730e-02	7.81488199e-01	4.02442557e-01	3.79045642e-01	1.16984572e-02	-3.90744099e-02	-8.79123691e-04	5.72116591e-21	-8.79123691e-04	8.79123691e-04
5716            	-1.75755954e-02	-4.78627873e-02	3.02871919e-02	7.81499792e-01	4.02451711e-01	3.79048081e-01	1.17018152e-02	-3.90749896e-02	-8.78779771e-04	5.72163954e-21	-8.78779771e-04	8.78779771e-04
5717            	-1.75687289e-02	-4.78599479e-02	3.02912190e-02	7.81511669e-01	4.02460966e-01	3.79050703e-01	1.17051319e-02	-3.90755835e-02	-8.78436444e-04	5.72211370e-21	-8.78436444e-04	8.78436444e-04
5718            	-1.75618744e-02	-4.78571287e-02	3.02952543e-02	7.81523830e-01	4.02470322e-01	3.79053507e-01	1.17084075e-02	-3.90761915e-02	-8.78093720e-04	5.72258839e-21	-8.78093720e-04	8.78093720e-04
5719            	-1.75550322e-02	-4.78543299e-02	3.02992976e-02	7.81536275e-01	4.02479780e-01	3.79056495e-01	1.17116421e-02	-3.90768137e-02	-8.77751612e-04	5.72306362e-21	-8.77751612e-04	8.77751612e-04
5720            	-1.75482026e-02	-4.78515515e-02	3.03033489e-02	7.81549005e-01	4.02489338e-01	3.79059667e-01	1.17148355e-02	-3.90774502e-02	-8.77410130e-04	5.72353938e-21	-8.77410130e-04	8.77410130e-04
5721            	-1.75413857e-02	-4.78487938e-02	3.03074081e-02	7.81562019e-01	4.02498998e-01	3.79063022e-01	1.17179880e-02	-3.90781010e-02	-8.77069285e-04	5.72401568e-21	-8.77069285e-04	8.77069285e-04
5722            	-1.75345818e-02	-4.78460569e-02	3.03114751e-02	7.81575319e-01	4.02508759e-01	3.79066560e-01	1.17210996e-02	-3.90787660e-02	-8.76729089e-04	5.72449254e-21	-8.76729089e-04	8.76729089e-04
5723            	-1.75277911e-02	-4.78433408e-02	3.03155497e-02	7.81588905e-01	4.02518623e-01	3.79070282e-01	1.17241702e-02	-3.90794453e-02	-8.76389553e-04	5.72496994e-21	-8.76389553e-04	8.76389553e-04
5724            	-1.75210138e-02	-4.78406457e-02	3.03196320e-02	7.81602777e-01	4.02528589e-01	3.79074188e-01	1.17272000e-02	-3.90801388e-02	-8.76050688e-04	5.72544791e-21	-8.76050688e-04	8.76050688e-04
5725            	-1.75142501e-02	-4.78379718e-02	3.03237217e-02	7.81616935e-01	4.02538657e-01	3.79078279e-01	1.17301890e-02	-3.90808468e-02	-8.75712505e-04	5.72592644e-21	-8.75712505e-04	8.75712505e-04
5726            	-1.75075003e-02	-4.78353192e-02	3.03278188e-02	7.81631380e-01	4.02548827e-01	3.79082553e-01	1.17331373e-02	-3.90815690e-02	-8.75375017e-04	5.72640554e-21	-8.75375017e-04	8.75375017e-04
5727            	-1.75007646e-02	-4.78326879e-02	3.03319233e-02	7.81646112e-01	4.02559101e-01	3.79087011e-01	1.17360449e-02	-3.90823056e-02	-8.75038232e-04	5.72688521e-21	-8.75038232e-04	8.75038232e-04
5728            	-1.74940433e-02	-4.78300782e-02	3.03360349e-02	7.81661132e-01	4.02569478e-01	3.79091654e-01	1.17389118e-02	-3.90830566e-02	-8.74702164e-04	5.72736546e-21	-8.74702164e-04	8.74702164e-04
5729            	-1.74873365e-02	-4.78274902e-02	3.03401537e-02	7.81676439e-01	4.02579958e-01	3.79096481e-01	1.17417382e-02	-3.90838220e-02	-8.74366823e-04	5.72784630e-21	-8.74366823e-04	8.74366823e-04
5730            	-1.74806444e-02	-4.78249239e-02	3.03442795e-02	7.81692034e-01	4.02590541e-01	3.79101493e-01	1.17445240e-02	-3.90846017e-02	-8.74032219e-04	5.72832773e-21	-8.74032219e-04	8.74032219e-04
5731            	-1.74739673e-02	-4.78223796e-02	3.03484123e-02	7.81707918e-01	4.02601228e-01	3.79106690e-01	1.17472693e-02	-3.90853959e-02	-8.73698365e-04	5.72880975e-21	-8.73698365e-04	8.73698365e-04
5732            	-1.74673054e-02	-4.78198572e-02	3.03525518e-02	7.81724091e-01	4.02612020e-01	3.79112071e-01	1.17499742e-02	-3.90862045e-02	-8.73365271e-04	5.72929237e-21	-8.73365271e-04	8.73365271e-04
5733            	-1.74606590e-02	-4.78173571e-02	3.03566981e-02	7.81740552e-01	4.02622915e-01	3.79117637e-01	1.17526388e-02	-3.90870276e-02	-8.73032948e-04	5.72977560e-21	-8.73032948e-04	8.73032948e-04
5734            	-1.74540282e-02	-4.78148792e-02	3.03608511e-02	7.81757303e-01	4.02633914e-01	3.79123388e-01	1.17552630e-02	-3.90878651e-02	-8.72701409e-04	5.73025944e-21	-8.72701409e-04	8.72701409e-04
5735            	-1.74474133e-02	-4.78124238e-02	3.03650105e-02	7.81774343e-01	4.02645019e-01	3.79129325e-01	1.17578471e-02	-3.90887172e-02	-8.72370664e-04	5.73074390e-21	-8.72370664e-04	8.72370664e-04
5736            	-1.74408145e-02	-4.78099909e-02	3.03691764e-02	7.81791673e-01	4.02656228e-01	3.79135446e-01	1.17603909e-02	-3.90895837e-02	-8.72040724e-04	5.73122898e-21	-8.72040724e-04	8.72040724e-04
5737            	-1.74342320e-02	-4.78075807e-02	3.03733487e-02	7.81809294e-01	4.02667542e-01	3.79141752e-01	1.17628947e-02	-3.90904647e-02	-8.71711601e-04	5.73171470e-21	-8.71711601e-04	8.71711601e-04
5738            	-1.74276661e-02	-4.78051933e-02	3.03775272e-02	7.81827204e-01	4.02678961e-01	3.79148244e-01	1.17653585e-02	-3.90913602e-02	-8.71383306e-04	5.73220104e-21	-8.71383306e-04	8.71383306e-04
5739            	-1.74211170e-02	-4.78028288e-02	3.03817118e-02	7.81845406e-01	4.02690485e-01	3.79154921e-01	1.17677823e-02	-3.90922703e-02	-8.71055849e-04	5.73268803e-21	-8.71055849e-04	8.71055849e-04
5740            	-1.74145848e-02	-4.78004873e-02	3.03859025e-02	7.81863898e-01	4.02702115e-01	3.79161783e-01	1.17701662e-02	-3.90931949e-02	-8.70729242e-04	5.73317566e-21	-8.70729242e-04	8.70729242e-04
5741            	-1.74080699e-02	-4.77981690e-02	3.03900991e-02	7.81882681e-01	4.02713851e-01	3.79168830e-01	1.17725102e-02	-3.90941341e-02	-8.70403496e-04	5.73366394e-21	-8.70403496e-04	8.70403496e-04
5742            	-1.74015724e-02	-4.77958740e-02	3.03943016e-02	7.81901756e-01	4.02725693e-01	3.79176064e-01	1.17748145e-02	-3.90950878e-02	-8.70078622e-04	5.73415287e-21	-8.70078622e-04	8.70078622e-04
5743            	-1.73950926e-02	-4.77936024e-02	3.03985098e-02	7.81921123e-01	4.02737640e-01	3.79183482e-01	1.17770790e-02	-3.90960561e-02	-8.69754630e-04	5.73464246e-21	-8.69754630e-04	8.69754630e-04
5744            	-1.73886306e-02	-4.77913544e-02	3.04027238e-02	7.81940782e-01	4.02749695e-01	3.79191087e-01	1.17793039e-02	-3.90970391e-02	-8.69431532e-04	5.73513272e-21	-8.69431532e-04	8.69431532e-04
5745            	-1.73821867e-02	-4.77891300e-02	3.04069432e-02	7.81960732e-01	4.02761855e-01	3.79198877e-01	1.17814892e-02	-3.90980366e-02	-8.69109337e-04	5.73562364e-21	-8.69109337e-04	8.69109337e-04
5746            	-1.73757612e-02	-4.77869294e-02	3.04111682e-02	7.81980976e-01	4.02774123e-01	3.79206853e-01	1.17836350e-02	-3.90990488e-02	-8.68788058e-04	5.73611524e-21	-8.68788058e-04	8.68788058e-04
5747            	-1.73693541e-02	-4.77847526e-02	3.04153986e-02	7.82001512e-01	4.02786497e-01	3.79215015e-01	1.17857413e-02	-3.91000756e-02	-8.68467705e-04	5.73660752e-21	-8.68467705e-04	8.68467705e-04
5748            	-1.73629658e-02	-4.77825999e-02	3.04196342e-02	7.82022341e-01	4.02798979e-01	3.79223362e-01	1.17878082e-02	-3.91011171e-02	-8.68148289e-04	5.73710049e-21	-8.68148289e-04	8.68148289e-04
5749            	-1.73565964e-02	-4.77804714e-02	3.04238750e-02	7.82043463e-01	4.02811567e-01	3.79231896e-01	1.17898358e-02	-3.91021732e-02	-8.67829821e-04	5.73759414e-21	-8.67829821e-04	8.67829821e-04
5750            	-1.73502463e-02	-4.77783671e-02	3.04281208e-02	7.82064879e-01	4.02824264e-01	3.79240615e-01	1.17918242e-02	-3.91032439e-02	-8.67512313e-04	5.73808849e-21	-8.67512313e-04	8.67512313e-04
5751            	-1.73439155e-02	-4.77762871e-02	3.04323716e-02	7.82086588e-01	4.02837067e-01	3.79249520e-01	1.17937734e-02	-3.91043294e-02	-8.67195775e-04	5.73858353e-21	-8.67195775e-04	8.67195775e-04
5752            	-1.73375581e-02	-4.77742285e-02	3.04366704e-02	7.82108989e-01	4.02850162e-01	3.79258827e-01	1.17956675e-02	-3.91054495e-02	-8.66877907e-04	5.73908630e-21	-8.66877907e-04	8.66877907e-04
5753            	-1.73312880e-02	-4.77721987e-02	3.04409107e-02	7.82131094e-01	4.02863083e-01	3.79268011e-01	1.17975359e-02	-3.91065547e-02	-8.66564398e-04	5.73957884e-21	-8.66564398e-04	8.66564398e-04
5754            	-1.73250389e-02	-4.77701939e-02	3.04451549e-02	7.82153488e-01	4.02876116e-01	3.79277372e-01	1.17993717e-02	-3.91076744e-02	-8.66251946e-04	5.74007258e-21	-8.66251946e-04	8.66251946e-04
5755            	-1.73187581e-02	-4.77682108e-02	3.04494527e-02	7.82176636e-01	4.02889473e-01	3.79287162e-01	1.18011555e-02	-3.91088318e-02	-8.65937905e-04	5.74057478e-21	-8.65937905e-04	8.65937905e-04
5756            	-1.73125592e-02	-4.77662564e-02	3.04536972e-02	7.82199536e-01	4.02902690e-01	3.79296846e-01	1.18029216e-02	-3.91099768e-02	-8.65627958e-04	5.74106813e-21	-8.65627958e-04	8.65627958e-04
5757            	-1.73063249e-02	-4.77643237e-02	3.04579988e-02	7.82223226e-01	4.02916245e-01	3.79306981e-01	1.18046321e-02	-3.91111613e-02	-8.65316246e-04	5.74157080e-21	-8.65316246e-04	8.65316246e-04
5758            	-1.73001218e-02	-4.77624166e-02	3.04622948e-02	7.82247114e-01	4.02929861e-01	3.79317254e-01	1.18063034e-02	-3.91123557e-02	-8.65006089e-04	5.74207200e-21	-8.65006089e-04	8.65006089e-04
5759            	-1.72940000e-02	-4.77605382e-02	3.04665383e-02	7.82270765e-01	4.02943343e-01	3.79327422e-01	1.18079605e-02	-3.91135383e-02	-8.64699998e-04	5.74256551e-21	-8.64699998e-04	8.64699998e-04
5760            	-1.72878364e-02	-4.77586820e-02	3.04708456e-02	7.82295276e-01	4.02957196e-01	3.79338080e-01	1.18095576e-02	-3.91147638e-02	-8.64391822e-04	5.74306922e-21	-8.64391822e-04	8.64391822e-04
5761            	-1.72816988e-02	-4.77568514e-02	3.04751526e-02	7.82320040e-01	4.02971135e-01	3.79348905e-01	1.18111149e-02	-3.91160020e-02	-8.64084942e-04	5.74357253e-21	-8.64084942e-04	8.64084942e-04
5762            	-1.72755892e-02	-4.77550467e-02	3.04794574e-02	7.82345041e-01	4.02985154e-01	3.79359887e-01	1.18126333e-02	-3.91172521e-02	-8.63779462e-04	5.74407580e-21	-8.63779462e-04	8.63779462e-04
5763            	-1.72695079e-02	-4.77532681e-02	3.04837602e-02	7.82370282e-01	4.02999256e-01	3.79371026e-01	1.18141147e-02	-3.91185141e-02	-8.63475396e-04	5.74457913e-21	-8.63475396e-04	8.63475396e-04
5764            	-1.72634537e-02	-4.77515157e-02	3.04880621e-02	7.82395778e-01	4.03013450e-01	3.79382328e-01	1.18155609e-02	-3.91197889e-02	-8.63172683e-04	5.74508280e-21	-8.63172683e-04	8.63172683e-04
5765            	-1.72574244e-02	-4.77497897e-02	3.04923653e-02	7.82421550e-01	4.03027748e-01	3.79393803e-01	1.18169726e-02	-3.91210775e-02	-8.62871220e-04	5.74558715e-21	-8.62871220e-04	8.62871220e-04
5766            	-1.72514180e-02	-4.77480900e-02	3.04966720e-02	7.82447621e-01	4.03042160e-01	3.79405461e-01	1.18183493e-02	-3.91223810e-02	-8.62570901e-04	5.74609245e-21	-8.62570901e-04	8.62570901e-04
5767            	-1.72454329e-02	-4.77464166e-02	3.05009838e-02	7.82474004e-01	4.03056691e-01	3.79417312e-01	1.18196895e-02	-3.91237002e-02	-8.62271643e-04	5.74659888e-21	-8.62271643e-04	8.62271643e-04
5768            	-1.72394681e-02	-4.77447694e-02	3.05053013e-02	7.82500707e-01	4.03071345e-01	3.79429362e-01	1.18209914e-02	-3.91250354e-02	-8.61973405e-04	5.74710646e-21	-8.61973405e-04	8.61973405e-04
5769            	-1.72335238e-02	-4.77431485e-02	3.05096246e-02	7.82527731e-01	4.03086119e-01	3.79441612e-01	1.18222535e-02	-3.91263866e-02	-8.61676191e-04	5.74761514e-21	-8.61676191e-04	8.61676191e-04
5770            	-1.72276008e-02	-4.77415538e-02	3.05139530e-02	7.82555068e-01	4.03101009e-01	3.79454059e-01	1.18234750e-02	-3.91277534e-02	-8.61380042e-04	5.74812481e-21	-8.61380042e-04	8.61380042e-04
5771            	-1.72217004e-02	-4.77399857e-02	3.05182853e-02	7.82582710e-01	4.03116011e-01	3.79466699e-01	1.18246563e-02	-3.91291355e-02	-8.61085020e-04	5.74863535e-21	-8.61085020e-04	8.61085020e-04
5772            	-1.72158238e-02	-4.77384443e-02	3.05226205e-02	7.82610648e-01	4.03131122e-01	3.79479526e-01	1.18257983e-02	-3.91305324e-02	-8.60791188e-04	5.74914668e-21	-8.60791188e-04	8.60791188e-04
5773            	-1.72099720e-02	-4.77369297e-02	3.05269577e-02	7.82638874e-01	4.03146340e-01	3.79492535e-01	1.18269025e-02	-3.91319437e-02	-8.60498601e-04	5.74965873e-21	-8.60498601e-04	8.60498601e-04
5774            	-1.72041459e-02	-4.77354423e-02	3.05312964e-02	7.82667387e-01	4.03161664e-01	3.79505723e-01	1.18279703e-02	-3.91333693e-02	-8.60207293e-04	5.75017150e-21	-8.60207293e-04	8.60207293e-04
5775            	-1.71983455e-02	-4.77339820e-02	3.05356365e-02	7.82696185e-01	4.03177095e-01	3.79519090e-01	1.18290026e-02	-3.91348093e-02	-8.59917277e-04	5.75068499e-21	-8.59917277e-04	8.59917277e-04
5776            	-1.71925710e-02	-4.77325491e-02	3.05399781e-02	7.82725273e-01	4.03192636e-01	3.79532636e-01	1.18300000e-02	-3.91362636e-02	-8.59628548e-04	5.75119922e-21	-8.59628548e-04	8.59628548e-04
5777            	-1.71868219e-02	-4.77311436e-02	3.05443217e-02	7.82754653e-01	4.03208289e-01	3.79546364e-01	1.18309622e-02	-3.91377326e-02	-8.59341093e-04	5.75171422e-21	-8.59341093e-04	8.59341093e-04
5778            	-1.71810979e-02	-4.77297655e-02	3.05486675e-02	7.82784330e-01	4.03224054e-01	3.79560276e-01	1.18318886e-02	-3.91392165e-02	-8.59054897e-04	5.75223001e-21	-8.59054897e-04	8.59054897e-04
5779            	-1.71753989e-02	-4.77284148e-02	3.05530159e-02	7.82814307e-01	4.03239932e-01	3.79574375e-01	1.18327785e-02	-3.91407153e-02	-8.58769946e-04	5.75274660e-21	-8.58769946e-04	8.58769946e-04
5780            	-1.71697248e-02	-4.77270917e-02	3.05573669e-02	7.82844585e-01	4.03255924e-01	3.79588661e-01	1.18336313e-02	-3.91422293e-02	-8.58486240e-04	5.75326401e-21	-8.58486240e-04	8.58486240e-04
5781            	-1.71640757e-02	-4.77257961e-02	3.05617204e-02	7.82875166e-01	4.03272029e-01	3.79603136e-01	1.18344465e-02	-3.91437583e-02	-8.58203786e-04	5.75378225e-21	-8.58203786e-04	8.58203786e-04
5782            	-1.71584520e-02	-4.77245283e-02	3.05660763e-02	7.82906047e-01	4.03288248e-01	3.79617799e-01	1.18352242e-02	-3.91453023e-02	-8.57922600e-04	5.75430134e-21	-8.57922600e-04	8.57922600e-04
5783            	-1.71528541e-02	-4.77232884e-02	3.05704343e-02	7.82937226e-01	4.03304578e-01	3.79632649e-01	1.18359646e-02	-3.91468613e-02	-8.57642706e-04	5.75482130e-21	-8.57642706e-04	8.57642706e-04
5784            	-1.71472825e-02	-4.77220764e-02	3.05747939e-02	7.82968703e-01	4.03321020e-01	3.79647683e-01	1.18366684e-02	-3.91484351e-02	-8.57364126e-04	5.75534213e-21	-8.57364126e-04	8.57364126e-04
5785            	-1.71417377e-02	-4.77208926e-02	3.05791549e-02	7.83000475e-01	4.03337574e-01	3.79662901e-01	1.18373362e-02	-3.91500237e-02	-8.57086883e-04	5.75586386e-21	-8.57086883e-04	8.57086883e-04
5786            	-1.71362199e-02	-4.77197370e-02	3.05835171e-02	7.83032541e-01	4.03354239e-01	3.79678302e-01	1.18379684e-02	-3.91516270e-02	-8.56810996e-04	5.75638649e-21	-8.56810996e-04	8.56810996e-04
5787            	-1.71307295e-02	-4.77186098e-02	3.05878803e-02	7.83064901e-01	4.03371016e-01	3.79693885e-01	1.18385654e-02	-3.91532450e-02	-8.56536475e-04	5.75691002e-21	-8.56536475e-04	8.56536475e-04
5788            	-1.71252666e-02	-4.77175111e-02	3.05922445e-02	7.83097555e-01	4.03387905e-01	3.79709650e-01	1.18391275e-02	-3.91548778e-02	-8.56263331e-04	5.75743445e-21	-8.56263331e-04	8.56263331e-04
5789            	-1.71198313e-02	-4.77164409e-02	3.05966096e-02	7.83130505e-01	4.03404907e-01	3.79725598e-01	1.18396545e-02	-3.91565253e-02	-8.55991566e-04	5.75795976e-21	-8.55991566e-04	8.55991566e-04
5790            	-1.71144237e-02	-4.77153994e-02	3.06009757e-02	7.83163751e-01	4.03422022e-01	3.79741729e-01	1.18401464e-02	-3.91581875e-02	-8.55721184e-04	5.75848595e-21	-8.55721184e-04	8.55721184e-04
5791            	-1.71090437e-02	-4.77143865e-02	3.06053428e-02	7.83197293e-01	4.03439249e-01	3.79758044e-01	1.18406029e-02	-3.91598647e-02	-8.55452187e-04	5.75901302e-21	-8.55452187e-04	8.55452187e-04
5792            	-1.71036916e-02	-4.77134025e-02	3.06097108e-02	7.83231133e-01	4.03456590e-01	3.79774542e-01	1.18410240e-02	-3.91615566e-02	-8.55184581e-04	5.75954097e-21	-8.55184581e-04	8.55184581e-04
5793            	-1.70983675e-02	-4.77124472e-02	3.06140798e-02	7.83265270e-01	4.03474045e-01	3.79791225e-01	1.18414097e-02	-3.91632635e-02	-8.54918374e-04	5.76006981e-21	-8.54918374e-04	8.54918374e-04
5794            	-1.70930715e-02	-4.77115210e-02	3.06184495e-02	7.83299704e-01	4.03491612e-01	3.79808092e-01	1.18417601e-02	-3.91649852e-02	-8.54653575e-04	5.76059956e-21	-8.54653575e-04	8.54653575e-04
5795            	-1.70878040e-02	-4.77106237e-02	3.06228198e-02	7.83334435e-01	4.03509293e-01	3.79825142e-01	1.18420753e-02	-3.91667217e-02	-8.54390198e-04	5.76113021e-21	-8.54390198e-04	8.54390198e-04
5796            	-1.70825651e-02	-4.77097557e-02	3.06271905e-02	7.83369462e-01	4.03527087e-01	3.79842375e-01	1.18423556e-02	-3.91684731e-02	-8.54128257e-04	5.76166180e-21	-8.54128257e-04	8.54128257e-04
5797            	-1.70773553e-02	-4.77089169e-02	3.06315616e-02	7.83404784e-01	4.03544993e-01	3.79859791e-01	1.18426013e-02	-3.91702392e-02	-8.53867764e-04	5.76219434e-21	-8.53867764e-04	8.53867764e-04
5798            	-1.70721747e-02	-4.77081074e-02	3.06359327e-02	7.83440402e-01	4.03563013e-01	3.79877388e-01	1.18428127e-02	-3.91720201e-02	-8.53608733e-04	5.76272783e-21	-8.53608733e-04	8.53608733e-04
5799            	-1.70670235e-02	-4.77073274e-02	3.06403039e-02	7.83476314e-01	4.03581147e-01	3.79895167e-01	1.18429899e-02	-3.91738157e-02	-8.53351176e-04	5.76326228e-21	-8.53351176e-04	8.53351176e-04
5800            	-1.70619020e-02	-4.77065770e-02	3.06446750e-02	7.83512520e-01	4.03599393e-01	3.79913127e-01	1.18431332e-02	-3.91756260e-02	-8.53095102e-04	5.76379770e-21	-8.53095102e-04	8.53095102e-04
5801            	-1.70568104e-02	-4.77058563e-02	3.06490458e-02	7.83549021e-01	4.03617753e-01	3.79931268e-01	1.18432426e-02	-3.91774510e-02	-8.52840522e-04	5.76433408e-21	-8.52840522e-04	8.52840522e-04
5802            	-1.70517488e-02	-4.77051652e-02	3.06534164e-02	7.83585816e-01	4.03636226e-01	3.79949590e-01	1.18433181e-02	-3.91792908e-02	-8.52587441e-04	5.76487143e-21	-8.52587441e-04	8.52587441e-04
5803            	-1.70467174e-02	-4.77045040e-02	3.06577866e-02	7.83622906e-01	4.03654813e-01	3.79968093e-01	1.18433599e-02	-3.91811453e-02	-8.52335868e-04	5.76540974e-21	-8.52335868e-04	8.52335868e-04
5804            	-1.70417162e-02	-4.77038726e-02	3.06621564e-02	7.83660290e-01	4.03673513e-01	3.79986777e-01	1.18433680e-02	-3.91830145e-02	-8.52085810e-04	5.76594901e-21	-8.52085810e-04	8.52085810e-04
5805            	-1.70367455e-02	-4.77032712e-02	3.06665257e-02	7.83697970e-01	4.03692327e-01	3.80005642e-01	1.18433425e-02	-3.91848985e-02	-8.51837275e-04	5.76648926e-21	-8.51837275e-04	8.51837275e-04
5806            	-1.70318054e-02	-4.77026999e-02	3.06708944e-02	7.83735943e-01	4.03711255e-01	3.80024688e-01	1.18432835e-02	-3.91867971e-02	-8.51590272e-04	5.76703048e-21	-8.51590272e-04	8.51590272e-04
5807            	-1.70268962e-02	-4.77021586e-02	3.06752624e-02	7.83774210e-01	4.03730296e-01	3.80043914e-01	1.18431912e-02	-3.91887105e-02	-8.51344811e-04	5.76757269e-21	-8.51344811e-04	8.51344811e-04
5808            	-1.70220181e-02	-4.77016476e-02	3.06796296e-02	7.83812772e-01	4.03749452e-01	3.80063320e-01	1.18430657e-02	-3.91906386e-02	-8.51100903e-04	5.76811588e-21	-8.51100903e-04	8.51100903e-04
5809            	-1.70171712e-02	-4.77011669e-02	3.06839957e-02	7.83851626e-01	4.03768720e-01	3.80082906e-01	1.18429072e-02	-3.91925813e-02	-8.50858558e-04	5.76866008e-21	-8.50858558e-04	8.50858558e-04
5810            	-1.70123558e-02	-4.77007166e-02	3.06883608e-02	7.83890774e-01	4.03788103e-01	3.80102671e-01	1.18427159e-02	-3.91945387e-02	-8.50617788e-04	5.76920528e-21	-8.50617788e-04	8.50617788e-04
5811            	-1.70075720e-02	-4.77002967e-02	3.06927247e-02	7.83930214e-01	4.03807599e-01	3.80122615e-01	1.18424921e-02	-3.91965107e-02	-8.50378602e-04	5.76975150e-21	-8.50378602e-04	8.50378602e-04
5812            	-1.70028202e-02	-4.76999075e-02	3.06970872e-02	7.83969947e-01	4.03827209e-01	3.80142738e-01	1.18422357e-02	-3.91984973e-02	-8.50141010e-04	5.77029874e-21	-8.50141010e-04	8.50141010e-04
5813            	-1.69981005e-02	-4.76995488e-02	3.07014484e-02	7.84009972e-01	4.03846933e-01	3.80163039e-01	1.18419471e-02	-3.92004986e-02	-8.49905023e-04	5.77084701e-21	-8.49905023e-04	8.49905023e-04
5814            	-1.69934130e-02	-4.76992209e-02	3.07058079e-02	7.84050288e-01	4.03866770e-01	3.80183518e-01	1.18416264e-02	-3.92025144e-02	-8.49670648e-04	5.77139631e-21	-8.49670648e-04	8.49670648e-04
5815            	-1.69887579e-02	-4.76989238e-02	3.07101659e-02	7.84090896e-01	4.03886722e-01	3.80204175e-01	1.18412736e-02	-3.92045448e-02	-8.49437895e-04	5.77194664e-21	-8.49437895e-04	8.49437895e-04
5816            	-1.69841354e-02	-4.76986575e-02	3.07145221e-02	7.84131796e-01	4.03906787e-01	3.80225009e-01	1.18408889e-02	-3.92065898e-02	-8.49206772e-04	5.77249801e-21	-8.49206772e-04	8.49206772e-04
5817            	-1.69795458e-02	-4.76984222e-02	3.07188764e-02	7.84172986e-01	4.03926966e-01	3.80246021e-01	1.18404724e-02	-3.92086493e-02	-8.48977288e-04	5.77305042e-21	-8.48977288e-04	8.48977288e-04
5818            	-1.69749890e-02	-4.76982179e-02	3.07232289e-02	7.84214468e-01	4.03947258e-01	3.80267209e-01	1.18400244e-02	-3.92107234e-02	-8.48749452e-04	5.77360387e-21	-8.48749452e-04	8.48749452e-04
5819            	-1.69704655e-02	-4.76980447e-02	3.07275793e-02	7.84256240e-01	4.03967665e-01	3.80288575e-01	1.18395449e-02	-3.92128120e-02	-8.48523273e-04	5.77415838e-21	-8.48523273e-04	8.48523273e-04
5820            	-1.69659752e-02	-4.76979027e-02	3.07319275e-02	7.84298302e-01	4.03988185e-01	3.80310117e-01	1.18390341e-02	-3.92149151e-02	-8.48298760e-04	5.77471394e-21	-8.48298760e-04	8.48298760e-04
5821            	-1.69615184e-02	-4.76977919e-02	3.07362735e-02	7.84340654e-01	4.04008819e-01	3.80331835e-01	1.18384922e-02	-3.92170327e-02	-8.48075922e-04	5.77527057e-21	-8.48075922e-04	8.48075922e-04
5822            	-1.69570954e-02	-4.76977124e-02	3.07406170e-02	7.84383295e-01	4.04029567e-01	3.80353728e-01	1.18379193e-02	-3.92191647e-02	-8.47854769e-04	5.77582827e-21	-8.47854769e-04	8.47854769e-04
5823            	-1.69527062e-02	-4.76976644e-02	3.07449582e-02	7.84426225e-01	4.04050428e-01	3.80375797e-01	1.18373156e-02	-3.92213113e-02	-8.47635310e-04	5.77638704e-21	-8.47635310e-04	8.47635310e-04
5824            	-1.69483511e-02	-4.76976478e-02	3.07492967e-02	7.84469444e-01	4.04071403e-01	3.80398041e-01	1.18366813e-02	-3.92234722e-02	-8.47417554e-04	5.77694689e-21	-8.47417554e-04	8.47417554e-04
5825            	-1.69440302e-02	-4.76976627e-02	3.07536325e-02	7.84512952e-01	4.04092492e-01	3.80420459e-01	1.18360165e-02	-3.92256476e-02	-8.47201510e-04	5.77750783e-21	-8.47201510e-04	8.47201510e-04
5826            	-1.69397437e-02	-4.76977092e-02	3.07579655e-02	7.84556747e-01	4.04113695e-01	3.80443052e-01	1.18353214e-02	-3.92278374e-02	-8.46987186e-04	5.77806986e-21	-8.46987186e-04	8.46987186e-04
5827            	-1.69354918e-02	-4.76977874e-02	3.07622956e-02	7.84600830e-01	4.04135011e-01	3.80465819e-01	1.18345961e-02	-3.92300415e-02	-8.46774590e-04	5.77863299e-21	-8.46774590e-04	8.46774590e-04
5828            	-1.69312746e-02	-4.76978973e-02	3.07666227e-02	7.84645200e-01	4.04156441e-01	3.80488759e-01	1.18338408e-02	-3.92322600e-02	-8.46563732e-04	5.77919723e-21	-8.46563732e-04	8.46563732e-04
5829            	-1.69270924e-02	-4.76980391e-02	3.07709467e-02	7.84689858e-01	4.04177985e-01	3.80511873e-01	1.18330557e-02	-3.92344929e-02	-8.46354619e-04	5.77976258e-21	-8.46354619e-04	8.46354619e-04
5830            	-1.69229452e-02	-4.76982127e-02	3.07752675e-02	7.84734802e-01	4.04199642e-01	3.80535160e-01	1.18322408e-02	-3.92367401e-02	-8.46147259e-04	5.78032904e-21	-8.46147259e-04	8.46147259e-04
5831            	-1.69188332e-02	-4.76984182e-02	3.07795850e-02	7.84780032e-01	4.04221412e-01	3.80558619e-01	1.18313964e-02	-3.92390016e-02	-8.45941662e-04	5.78089662e-21	-8.45941662e-04	8.45941662e-04
5832            	-1.69147567e-02	-4.76986557e-02	3.07838990e-02	7.84825548e-01	4.04243296e-01	3.80582251e-01	1.18305226e-02	-3.92412774e-02	-8.45737835e-04	5.78146532e-21	-8.45737835e-04	8.45737835e-04
5833            	-1.69107157e-02	-4.76989253e-02	3.07882096e-02	7.84871349e-01	4.04265294e-01	3.80606055e-01	1.18296195e-02	-3.92435674e-02	-8.45535786e-04	5.78203516e-21	-8.45535786e-04	8.45535786e-04
5834            	-1.69067105e-02	-4.76992270e-02	3.07925165e-02	7.84917435e-01	4.04287405e-01	3.80630030e-01	1.18286873e-02	-3.92458718e-02	-8.45335523e-04	5.78260613e-21	-8.45335523e-04	8.45335523e-04
5835            	-1.69027411e-02	-4.76995609e-02	3.07968198e-02	7.84963806e-01	4.04309629e-01	3.80654177e-01	1.18277261e-02	-3.92481903e-02	-8.45137054e-04	5.78317824e-21	-8.45137054e-04	8.45137054e-04
5836            	-1.68988077e-02	-4.76999270e-02	3.08011192e-02	7.85010462e-01	4.04331967e-01	3.80678495e-01	1.18267362e-02	-3.92505231e-02	-8.44940387e-04	5.78375150e-21	-8.44940387e-04	8.44940387e-04
5837            	-1.68949106e-02	-4.77003253e-02	3.08054148e-02	7.85057401e-01	4.04354418e-01	3.80702983e-01	1.18257175e-02	-3.92528701e-02	-8.44745528e-04	5.78432592e-21	-8.44745528e-04	8.44745528e-04
5838            	-1.68910497e-02	-4.77007561e-02	3.08097063e-02	7.85104624e-01	4.04376983e-01	3.80727642e-01	1.18246704e-02	-3.92552312e-02	-8.44552487e-04	5.78490150e-21	-8.44552487e-04	8.44552487e-04
5839            	-1.68872254e-02	-4.77012192e-02	3.08139938e-02	7.85152130e-01	4.04399660e-01	3.80752470e-01	1.18235950e-02	-3.92576065e-02	-8.44361271e-04	5.78547825e-21	-8.44361271e-04	8.44361271e-04
5840            	-1.68834378e-02	-4.77017148e-02	3.08182771e-02	7.85199919e-01	4.04422451e-01	3.80777468e-01	1.18224914e-02	-3.92599959e-02	-8.44171889e-04	5.78605616e-21	-8.44171889e-04	8.44171889e-04
5841            	-1.68796870e-02	-4.77022430e-02	3.08225560e-02	7.85247990e-01	4.04445355e-01	3.80802635e-01	1.18213598e-02	-3.92623995e-02	-8.43984349e-04	5.78663526e-21	-8.43984349e-04	8.43984349e-04
5842            	-1.68759732e-02	-4.77028037e-02	3.08268305e-02	7.85296342e-01	4.04468371e-01	3.80827971e-01	1.18202003e-02	-3.92648171e-02	-8.43798658e-04	5.78721553e-21	-8.43798658e-04	8.43798658e-04
5843            	-1.68722965e-02	-4.77033970e-02	3.08311005e-02	7.85344976e-01	4.04491501e-01	3.80853475e-01	1.18190133e-02	-3.92672488e-02	-8.43614826e-04	5.78779699e-21	-8.43614826e-04	8.43614826e-04
5844            	-1.68686572e-02	-4.77040231e-02	3.08353659e-02	7.85393890e-01	4.04514744e-01	3.80879146e-01	1.18177988e-02	-3.92696945e-02	-8.43432860e-04	5.78837964e-21	-8.43432860e-04	8.43432860e-04
5845            	-1.68650553e-02	-4.77046819e-02	3.08396266e-02	7.85443085e-01	4.04538099e-01	3.80904985e-01	1.18165570e-02	-3.92721542e-02	-8.43252767e-04	5.78896349e-21	-8.43252767e-04	8.43252767e-04
5846            	-1.68614911e-02	-4.77053735e-02	3.08438824e-02	7.85492559e-01	4.04561568e-01	3.80930991e-01	1.18152881e-02	-3.92746280e-02	-8.43074556e-04	5.78954854e-21	-8.43074556e-04	8.43074556e-04
5847            	-1.68579647e-02	-4.77060980e-02	3.08481333e-02	7.85542313e-01	4.04585149e-01	3.80957164e-01	1.18139922e-02	-3.92771156e-02	-8.42898233e-04	5.79013479e-21	-8.42898233e-04	8.42898233e-04
5848            	-1.68544761e-02	-4.77068553e-02	3.08523792e-02	7.85592345e-01	4.04608842e-01	3.80983503e-01	1.18126694e-02	-3.92796173e-02	-8.42723806e-04	5.79072225e-21	-8.42723806e-04	8.42723806e-04
5849            	-1.68510257e-02	-4.77076456e-02	3.08566200e-02	7.85642656e-01	4.04632648e-01	3.81010008e-01	1.18113201e-02	-3.92821328e-02	-8.42551284e-04	5.79131093e-21	-8.42551284e-04	8.42551284e-04
5850            	-1.68476135e-02	-4.77084690e-02	3.08608555e-02	7.85693244e-01	4.04656567e-01	3.81036678e-01	1.18099443e-02	-3.92846622e-02	-8.42380673e-04	5.79190082e-21	-8.42380673e-04	8.42380673e-04
5851            	-1.68442396e-02	-4.77093253e-02	3.08650857e-02	7.85744110e-01	4.04680597e-01	3.81063513e-01	1.18085423e-02	-3.92872055e-02	-8.42211982e-04	5.79249194e-21	-8.42211982e-04	8.42211982e-04
5852            	-1.68409043e-02	-4.77102148e-02	3.08693105e-02	7.85795253e-01	4.04704741e-01	3.81090512e-01	1.18071141e-02	-3.92897626e-02	-8.42045217e-04	5.79308428e-21	-8.42045217e-04	8.42045217e-04
5853            	-1.68376077e-02	-4.77111374e-02	3.08735297e-02	7.85846672e-01	4.04728996e-01	3.81117676e-01	1.18056599e-02	-3.92923336e-02	-8.41880386e-04	5.79367786e-21	-8.41880386e-04	8.41880386e-04
5854            	-1.68343499e-02	-4.77120933e-02	3.08777433e-02	7.85898366e-01	4.04753363e-01	3.81145003e-01	1.18041800e-02	-3.92949183e-02	-8.41717496e-04	5.79427266e-21	-8.41717496e-04	8.41717496e-04
5855            	-1.68310621e-02	-4.77130838e-02	3.08820217e-02	7.85951054e-01	4.04778092e-01	3.81172963e-01	1.18025646e-02	-3.92975527e-02	-8.41553105e-04	5.79487718e-21	-8.41553105e-04	8.41553105e-04
5856            	-1.68279183e-02	-4.77141054e-02	3.08861871e-02	7.86002925e-01	4.04802546e-01	3.81200378e-01	1.18010840e-02	-3.93001462e-02	-8.41395914e-04	5.79547007e-21	-8.41395914e-04	8.41395914e-04
5857            	-1.68248142e-02	-4.77151609e-02	3.08903466e-02	7.86055075e-01	4.04827119e-01	3.81227956e-01	1.17995819e-02	-3.93027537e-02	-8.41240712e-04	5.79606532e-21	-8.41240712e-04	8.41240712e-04
5858            	-1.68217408e-02	-4.77162502e-02	3.08945094e-02	7.86107597e-01	4.04851844e-01	3.81255753e-01	1.17980452e-02	-3.93053798e-02	-8.41087040e-04	5.79666269e-21	-8.41087040e-04	8.41087040e-04
5859            	-1.68186228e-02	-4.77173748e-02	3.08987520e-02	7.86161268e-01	4.04876987e-01	3.81284281e-01	1.17963529e-02	-3.93080634e-02	-8.40931142e-04	5.79727090e-21	-8.40931142e-04	8.40931142e-04
5860            	-1.68156369e-02	-4.77185303e-02	3.09028934e-02	7.86214237e-01	4.04901898e-01	3.81312339e-01	1.17947795e-02	-3.93107119e-02	-8.40781846e-04	5.79786854e-21	-8.40781846e-04	8.40781846e-04
5861            	-1.68126095e-02	-4.77197210e-02	3.09071115e-02	7.86268325e-01	4.04927215e-01	3.81341110e-01	1.17930529e-02	-3.93134163e-02	-8.40630476e-04	5.79847773e-21	-8.40630476e-04	8.40630476e-04
5862            	-1.68097148e-02	-4.77209428e-02	3.09112280e-02	7.86321708e-01	4.04952300e-01	3.81369407e-01	1.17914465e-02	-3.93160854e-02	-8.40485740e-04	5.79907660e-21	-8.40485740e-04	8.40485740e-04
5863            	-1.68067751e-02	-4.77222003e-02	3.09154252e-02	7.86376254e-01	4.04977809e-01	3.81398445e-01	1.17896820e-02	-3.93188127e-02	-8.40338756e-04	5.79968747e-21	-8.40338756e-04	8.40338756e-04
5864            	-1.68039646e-02	-4.77234891e-02	3.09195245e-02	7.86430136e-01	4.05003102e-01	3.81427034e-01	1.17880342e-02	-3.93215068e-02	-8.40198232e-04	5.80028855e-21	-8.40198232e-04	8.40198232e-04
5865            	-1.68011043e-02	-4.77248140e-02	3.09237098e-02	7.86485238e-01	4.05028840e-01	3.81456398e-01	1.17862206e-02	-3.93242619e-02	-8.40055213e-04	5.80090211e-21	-8.40055213e-04	8.40055213e-04
5866            	-1.67982989e-02	-4.77261721e-02	3.09278732e-02	7.86540453e-01	4.05054631e-01	3.81485822e-01	1.17844041e-02	-3.93270227e-02	-8.39914943e-04	5.80151455e-21	-8.39914943e-04	8.39914943e-04
5867            	-1.67956237e-02	-4.77275616e-02	3.09319380e-02	7.86594996e-01	4.05080205e-01	3.81514791e-01	1.17827073e-02	-3.93297498e-02	-8.39781184e-04	5.80211830e-21	-8.39781184e-04	8.39781184e-04
5868            	-1.67928943e-02	-4.77289877e-02	3.09360935e-02	7.86650812e-01	4.05106244e-01	3.81544568e-01	1.17808380e-02	-3.93325406e-02	-8.39644713e-04	5.80273492e-21	-8.39644713e-04	8.39644713e-04
5869            	-1.67902150e-02	-4.77304472e-02	3.09402322e-02	7.86706793e-01	4.05132356e-01	3.81574438e-01	1.17789590e-02	-3.93353397e-02	-8.39510749e-04	5.80335084e-21	-8.39510749e-04	8.39510749e-04
5870            	-1.67875890e-02	-4.77319400e-02	3.09443510e-02	7.86762910e-01	4.05158530e-01	3.81604380e-01	1.17770751e-02	-3.93381455e-02	-8.39379449e-04	5.80396684e-21	-8.39379449e-04	8.39379449e-04
5871            	-1.67850155e-02	-4.77334664e-02	3.09484509e-02	7.86819173e-01	4.05184772e-01	3.81634400e-01	1.17751858e-02	-3.93409586e-02	-8.39250777e-04	5.80458308e-21	-8.39250777e-04	8.39250777e-04
5872            	-1.67824912e-02	-4.77350267e-02	3.09525355e-02	7.86875622e-01	4.05211098e-01	3.81664524e-01	1.17732869e-02	-3.93437811e-02	-8.39124559e-04	5.80519991e-21	-8.39124559e-04	8.39124559e-04
5873            	-1.67800112e-02	-4.77366210e-02	3.09566098e-02	7.86932307e-01	4.05237526e-01	3.81694782e-01	1.17713718e-02	-3.93466154e-02	-8.39000560e-04	5.80581773e-21	-8.39000560e-04	8.39000560e-04
5874            	-1.67775712e-02	-4.77382493e-02	3.09606781e-02	7.86989275e-01	4.05264071e-01	3.81725204e-01	1.17694336e-02	-3.93494637e-02	-8.38878558e-04	5.80643690e-21	-8.38878558e-04	8.38878558e-04
5875            	-1.67751680e-02	-4.77399116e-02	3.09647436e-02	7.87046552e-01	4.05290743e-01	3.81755809e-01	1.17674672e-02	-3.93523276e-02	-8.38758402e-04	5.80705762e-21	-8.38758402e-04	8.38758402e-04
5876            	-1.67728006e-02	-4.77416078e-02	3.09688071e-02	7.87104149e-01	4.05317544e-01	3.81786605e-01	1.17654698e-02	-3.93552074e-02	-8.38640032e-04	5.80767998e-21	-8.38640032e-04	8.38640032e-04
5877            	-1.67704696e-02	-4.77433377e-02	3.09728681e-02	7.87162058e-01	4.05344470e-01	3.81817587e-01	1.17634414e-02	-3.93581029e-02	-8.38523480e-04	5.80830398e-21	-8.38523480e-04	8.38523480e-04
5878            	-1.67681768e-02	-4.77451014e-02	3.09769246e-02	7.87220260e-01	4.05371514e-01	3.81848746e-01	1.17613843e-02	-3.93610130e-02	-8.38408840e-04	5.80892952e-21	-8.38408840e-04	8.38408840e-04
5879            	-1.67659246e-02	-4.77468990e-02	3.09809744e-02	7.87278733e-01	4.05398669e-01	3.81880065e-01	1.17593020e-02	-3.93639367e-02	-8.38296230e-04	5.80955653e-21	-8.38296230e-04	8.38296230e-04
5880            	-1.67637153e-02	-4.77487306e-02	3.09850153e-02	7.87337458e-01	4.05425927e-01	3.81911531e-01	1.17571982e-02	-3.93668729e-02	-8.38185764e-04	5.81018491e-21	-8.38185764e-04	8.38185764e-04
5881            	-1.67615504e-02	-4.77505964e-02	3.09890459e-02	7.87396423e-01	4.05453288e-01	3.81943135e-01	1.17550760e-02	-3.93698212e-02	-8.38077521e-04	5.81081462e-21	-8.38077521e-04	8.38077521e-04
5882            	-1.67594307e-02	-4.77524965e-02	3.09930658e-02	7.87455623e-01	4.05480749e-01	3.81974874e-01	1.17529371e-02	-3.93727811e-02	-8.37971534e-04	5.81144561e-21	-8.37971534e-04	8.37971534e-04
5883            	-1.67573559e-02	-4.77544310e-02	3.09970751e-02	7.87515061e-01	4.05508312e-01	3.82006749e-01	1.17507818e-02	-3.93757531e-02	-8.37867796e-04	5.81207787e-21	-8.37867796e-04	8.37867796e-04
5884            	-1.67553254e-02	-4.77564000e-02	3.10010745e-02	7.87574745e-01	4.05535982e-01	3.82038763e-01	1.17486093e-02	-3.93787372e-02	-8.37766271e-04	5.81271140e-21	-8.37766271e-04	8.37766271e-04
5885            	-1.67533382e-02	-4.77584033e-02	3.10050651e-02	7.87634683e-01	4.05563760e-01	3.82070924e-01	1.17464180e-02	-3.93817342e-02	-8.37666910e-04	5.81334620e-21	-8.37666910e-04	8.37666910e-04
5886            	-1.67513933e-02	-4.77604408e-02	3.10090475e-02	7.87694883e-01	4.05591648e-01	3.82103235e-01	1.17442062e-02	-3.93847441e-02	-8.37569666e-04	5.81398228e-21	-8.37569666e-04	8.37569666e-04
5887            	-1.67494902e-02	-4.77625125e-02	3.10130223e-02	7.87755348e-01	4.05619647e-01	3.82135702e-01	1.17419726e-02	-3.93877674e-02	-8.37474509e-04	5.81461964e-21	-8.37474509e-04	8.37474509e-04
5888            	-1.67476286e-02	-4.77646183e-02	3.10169897e-02	7.87816081e-01	4.05647757e-01	3.82168324e-01	1.17397167e-02	-3.93908040e-02	-8.37381430e-04	5.81525831e-21	-8.37381430e-04	8.37381430e-04
5889            	-1.67458088e-02	-4.77667583e-02	3.10209495e-02	7.87877078e-01	4.05675977e-01	3.82201100e-01	1.17374383e-02	-3.93938539e-02	-8.37290441e-04	5.81589832e-21	-8.37290441e-04	8.37290441e-04
5890            	-1.67440313e-02	-4.77689324e-02	3.10249011e-02	7.87938335e-01	4.05704306e-01	3.82234029e-01	1.17351384e-02	-3.93969167e-02	-8.37201564e-04	5.81653968e-21	-8.37201564e-04	8.37201564e-04
5891            	-1.67422967e-02	-4.77711407e-02	3.10288440e-02	7.87999847e-01	4.05732741e-01	3.82267106e-01	1.17328177e-02	-3.93999924e-02	-8.37114834e-04	5.81718243e-21	-8.37114834e-04	8.37114834e-04
5892            	-1.67406056e-02	-4.77733834e-02	3.10327778e-02	7.88061611e-01	4.05761283e-01	3.82300328e-01	1.17304775e-02	-3.94030806e-02	-8.37030280e-04	5.81782659e-21	-8.37030280e-04	8.37030280e-04
5893            	-1.67389585e-02	-4.77756604e-02	3.10367019e-02	7.88123624e-01	4.05789931e-01	3.82333693e-01	1.17281188e-02	-3.94061812e-02	-8.36947924e-04	5.81847217e-21	-8.36947924e-04	8.36947924e-04
5894            	-1.67373556e-02	-4.77779719e-02	3.10406163e-02	7.88185883e-01	4.05818683e-01	3.82367199e-01	1.17257420e-02	-3.94092941e-02	-8.36867782e-04	5.81911916e-21	-8.36867782e-04	8.36867782e-04
5895            	-1.67357971e-02	-4.77803180e-02	3.10445209e-02	7.88248388e-01	4.05847541e-01	3.82400847e-01	1.17233474e-02	-3.94124194e-02	-8.36789855e-04	5.81976755e-21	-8.36789855e-04	8.36789855e-04
5896            	-1.67342828e-02	-4.77826984e-02	3.10484157e-02	7.88311141e-01	4.05876506e-01	3.82434636e-01	1.17209350e-02	-3.94155571e-02	-8.36714139e-04	5.82041731e-21	-8.36714139e-04	8.36714139e-04
5897            	-1.67328125e-02	-4.77851134e-02	3.10523009e-02	7.88374143e-01	4.05905576e-01	3.82468567e-01	1.17185045e-02	-3.94187071e-02	-8.36640626e-04	5.82106843e-21	-8.36640626e-04	8.36640626e-04
5898            	-1.67313861e-02	-4.77875628e-02	3.10561766e-02	7.88437394e-01	4.05934753e-01	3.82502641e-01	1.17160556e-02	-3.94218697e-02	-8.36569307e-04	5.82172088e-21	-8.36569307e-04	8.36569307e-04
5899            	-1.67300035e-02	-4.77900465e-02	3.10600430e-02	7.88500895e-01	4.05964036e-01	3.82536860e-01	1.17135880e-02	-3.94250448e-02	-8.36500175e-04	5.82237465e-21	-8.36500175e-04	8.36500175e-04
5900            	-1.67286646e-02	-4.77925646e-02	3.10639000e-02	7.88564646e-01	4.05993425e-01	3.82571221e-01	1.17111017e-02	-3.94282323e-02	-8.36433231e-04	5.82302974e-21	-8.36433231e-04	8.36433231e-04
5901            	-1.67273695e-02	-4.77951171e-02	3.10677476e-02	7.88628647e-01	4.06022920e-01	3.82605727e-01	1.17085967e-02	-3.94314323e-02	-8.36368477e-04	5.82368616e-21	-8.36368477e-04	8.36368477e-04
5902            	-1.67261184e-02	-4.77977039e-02	3.10715855e-02	7.88692895e-01	4.06052521e-01	3.82640374e-01	1.17060733e-02	-3.94346447e-02	-8.36305921e-04	5.82434391e-21	-8.36305921e-04	8.36305921e-04
5903            	-1.67249115e-02	-4.78003252e-02	3.10754137e-02	7.88757389e-01	4.06082227e-01	3.82675163e-01	1.17035320e-02	-3.94378695e-02	-8.36245575e-04	5.82500303e-21	-8.36245575e-04	8.36245575e-04
5904            	-1.67237490e-02	-4.78029809e-02	3.10792319e-02	7.88822128e-01	4.06112037e-01	3.82710091e-01	1.17009730e-02	-3.94411064e-02	-8.36187449e-04	5.82566353e-21	-8.36187449e-04	8.36187449e-04
5905            	-1.67226311e-02	-4.78056711e-02	3.10830400e-02	7.88887111e-01	4.06141952e-01	3.82745159e-01	1.16983968e-02	-3.94443555e-02	-8.36131554e-04	5.82632541e-21	-8.36131554e-04	8.36131554e-04
5906            	-1.67215579e-02	-4.78083957e-02	3.10868378e-02	7.88952335e-01	4.06171971e-01	3.82780364e-01	1.16958037e-02	-3.94476168e-02	-8.36077897e-04	5.82698869e-21	-8.36077897e-04	8.36077897e-04
5907            	-1.67205297e-02	-4.78111549e-02	3.10906252e-02	7.89017802e-01	4.06202095e-01	3.82815707e-01	1.16931939e-02	-3.94508901e-02	-8.36026484e-04	5.82765336e-21	-8.36026484e-04	8.36026484e-04
5908            	-1.67195463e-02	-4.78139486e-02	3.10944023e-02	7.89083509e-01	4.06232322e-01	3.82851187e-01	1.16905675e-02	-3.94541754e-02	-8.35977317e-04	5.82831941e-21	-8.35977317e-04	8.35977317e-04
5909            	-1.67186080e-02	-4.78167768e-02	3.10981688e-02	7.89149456e-01	4.06262653e-01	3.82886804e-01	1.16879246e-02	-3.94574728e-02	-8.35930398e-04	5.82898685e-21	-8.35930398e-04	8.35930398e-04
5910            	-1.67177145e-02	-4.78196395e-02	3.11019249e-02	7.89215644e-01	4.06293087e-01	3.82922557e-01	1.16852652e-02	-3.94607822e-02	-8.35885726e-04	5.82965566e-21	-8.35885726e-04	8.35885726e-04
5911            	-1.67168661e-02	-4.78225366e-02	3.11056706e-02	7.89282072e-01	4.06323625e-01	3.82958446e-01	1.16825895e-02	-3.94641036e-02	-8.35843303e-04	5.83032583e-21	-8.35843303e-04	8.35843303e-04
5912            	-1.67160626e-02	-4.78254682e-02	3.11094056e-02	7.89348739e-01	4.06354267e-01	3.82994472e-01	1.16798974e-02	-3.94674369e-02	-8.35803129e-04	5.83099736e-21	-8.35803129e-04	8.35803129e-04
5913            	-1.67153042e-02	-4.78284343e-02	3.11131301e-02	7.89415644e-01	4.06385011e-01	3.83030633e-01	1.16771892e-02	-3.94707822e-02	-8.35765208e-04	5.83167024e-21	-8.35765208e-04	8.35765208e-04
5914            	-1.67145909e-02	-4.78314348e-02	3.11168440e-02	7.89482788e-01	4.06415859e-01	3.83066929e-01	1.16744649e-02	-3.94741394e-02	-8.35729543e-04	5.83234449e-21	-8.35729543e-04	8.35729543e-04
5915            	-1.67139228e-02	-4.78344698e-02	3.11205470e-02	7.89550168e-01	4.06446809e-01	3.83103359e-01	1.16717248e-02	-3.94775084e-02	-8.35696138e-04	5.83302011e-21	-8.35696138e-04	8.35696138e-04
5916            	-1.67133000e-02	-4.78375393e-02	3.11242392e-02	7.89617785e-01	4.06477862e-01	3.83139923e-01	1.16689691e-02	-3.94808893e-02	-8.35665001e-04	5.83369710e-21	-8.35665001e-04	8.35665001e-04
5917            	-1.67127227e-02	-4.78406432e-02	3.11279205e-02	7.89685637e-01	4.06509016e-01	3.83176620e-01	1.16661981e-02	-3.94842818e-02	-8.35636136e-04	5.83437547e-21	-8.35636136e-04	8.35636136e-04
5918            	-1.67121910e-02	-4.78437816e-02	3.11315906e-02	7.89753722e-01	4.06540273e-01	3.83213449e-01	1.16634119e-02	-3.94876861e-02	-8.35609548e-04	5.83505521e-21	-8.35609548e-04	8.35609548e-04
5919            	-1.67117048e-02	-4.78469545e-02	3.11352496e-02	7.89822041e-01	4.06571631e-01	3.83250410e-01	1.16606108e-02	-3.94911021e-02	-8.35585242e-04	5.83573634e-21	-8.35585242e-04	8.35585242e-04
5920            	-1.67112644e-02	-4.78501618e-02	3.11388974e-02	7.89890592e-01	4.06603091e-01	3.83287501e-01	1.16577949e-02	-3.94945296e-02	-8.35563221e-04	5.83641885e-21	-8.35563221e-04	8.35563221e-04
5921            	-1.67108698e-02	-4.78534037e-02	3.11425339e-02	7.89959375e-01	4.06634652e-01	3.83324723e-01	1.16549644e-02	-3.94979688e-02	-8.35543489e-04	5.83710274e-21	-8.35543489e-04	8.35543489e-04
5922            	-1.67105210e-02	-4.78566800e-02	3.11461590e-02	7.90028389e-01	4.06666314e-01	3.83362075e-01	1.16521194e-02	-3.95014195e-02	-8.35526050e-04	5.83778801e-21	-8.35526050e-04	8.35526050e-04
5923            	-1.67102181e-02	-4.78599907e-02	3.11497726e-02	7.90097633e-01	4.06698077e-01	3.83399557e-01	1.16492600e-02	-3.95048817e-02	-8.35510904e-04	5.83847465e-21	-8.35510904e-04	8.35510904e-04
5924            	-1.67099611e-02	-4.78633359e-02	3.11533748e-02	7.90167107e-01	4.06729940e-01	3.83437167e-01	1.16463865e-02	-3.95083553e-02	-8.35498055e-04	5.83916267e-21	-8.35498055e-04	8.35498055e-04
5925            	-1.67097501e-02	-4.78667155e-02	3.11569654e-02	7.90236809e-01	4.06761904e-01	3.83474906e-01	1.16434990e-02	-3.95118405e-02	-8.35487506e-04	5.83985205e-21	-8.35487506e-04	8.35487506e-04
5926            	-1.67095852e-02	-4.78701296e-02	3.11605443e-02	7.90306739e-01	4.06793967e-01	3.83512772e-01	1.16405977e-02	-3.95153370e-02	-8.35479261e-04	5.84054281e-21	-8.35479261e-04	8.35479261e-04
5927            	-1.67094665e-02	-4.78735781e-02	3.11641116e-02	7.90376896e-01	4.06826131e-01	3.83550765e-01	1.16376828e-02	-3.95188448e-02	-8.35473324e-04	5.84123494e-21	-8.35473324e-04	8.35473324e-04
5928            	-1.67093940e-02	-4.78770609e-02	3.11676670e-02	7.90447279e-01	4.06858394e-01	3.83588885e-01	1.16347544e-02	-3.95223640e-02	-8.35469699e-04	5.84192844e-21	-8.35469699e-04	8.35469699e-04
5929            	-1.67093678e-02	-4.78805783e-02	3.11712105e-02	7.90517887e-01	4.06890757e-01	3.83627131e-01	1.16318128e-02	-3.95258944e-02	-8.35468389e-04	5.84262332e-21	-8.35468389e-04	8.35468389e-04
5930            	-1.67093880e-02	-4.78841300e-02	3.11747420e-02	7.90588720e-01	4.06923218e-01	3.83665502e-01	1.16288582e-02	-3.95294360e-02	-8.35469398e-04	5.84331957e-21	-8.35469398e-04	8.35469398e-04
5931            	-1.67094546e-02	-4.78877161e-02	3.11782615e-02	7.90659776e-01	4.06955779e-01	3.83703997e-01	1.16258907e-02	-3.95329888e-02	-8.35472728e-04	5.84401720e-21	-8.35472728e-04	8.35472728e-04
5932            	-1.67095677e-02	-4.78913365e-02	3.11817689e-02	7.90731054e-01	4.06988438e-01	3.83742617e-01	1.16229104e-02	-3.95365527e-02	-8.35478383e-04	5.84471620e-21	-8.35478383e-04	8.35478383e-04
5933            	-1.67097273e-02	-4.78949914e-02	3.11852641e-02	7.90802555e-01	4.07021195e-01	3.83781360e-01	1.16199176e-02	-3.95401277e-02	-8.35486367e-04	5.84541658e-21	-8.35486367e-04	8.35486367e-04
5934            	-1.67099336e-02	-4.78986806e-02	3.11887470e-02	7.90874276e-01	4.07054050e-01	3.83820225e-01	1.16169125e-02	-3.95437138e-02	-8.35496680e-04	5.84611833e-21	-8.35496680e-04	8.35496680e-04
5935            	-1.67101866e-02	-4.79024041e-02	3.11922176e-02	7.90946217e-01	4.07087004e-01	3.83859214e-01	1.16138951e-02	-3.95473109e-02	-8.35509328e-04	5.84682146e-21	-8.35509328e-04	8.35509328e-04
5936            	-1.67104862e-02	-4.79061620e-02	3.11956758e-02	7.91018378e-01	4.07120055e-01	3.83898323e-01	1.16108657e-02	-3.95509189e-02	-8.35524311e-04	5.84752596e-21	-8.35524311e-04	8.35524311e-04
5937            	-1.67108327e-02	-4.79099542e-02	3.11991215e-02	7.91090757e-01	4.07153203e-01	3.83937554e-01	1.16078245e-02	-3.95545379e-02	-8.35541634e-04	5.84823184e-21	-8.35541634e-04	8.35541634e-04
5938            	-1.67112260e-02	-4.79137807e-02	3.12025547e-02	7.91163354e-01	4.07186448e-01	3.83976905e-01	1.16047716e-02	-3.95581677e-02	-8.35561298e-04	5.84893909e-21	-8.35561298e-04	8.35561298e-04
5939            	-1.67116661e-02	-4.79176414e-02	3.12059753e-02	7.91236167e-01	4.07219791e-01	3.84016376e-01	1.16017071e-02	-3.95618084e-02	-8.35583307e-04	5.84964771e-21	-8.35583307e-04	8.35583307e-04
5940            	-1.67121533e-02	-4.79215364e-02	3.12093832e-02	7.91309196e-01	4.07253229e-01	3.84055967e-01	1.15986314e-02	-3.95654598e-02	-8.35607663e-04	5.85035770e-21	-8.35607663e-04	8.35607663e-04
5941            	-1.67126874e-02	-4.79254657e-02	3.12127783e-02	7.91382440e-01	4.07286765e-01	3.84095676e-01	1.15955444e-02	-3.95691220e-02	-8.35634368e-04	5.85106906e-21	-8.35634368e-04	8.35634368e-04
5942            	-1.67132685e-02	-4.79294292e-02	3.12161607e-02	7.91455899e-01	4.07320396e-01	3.84135503e-01	1.15924465e-02	-3.95727949e-02	-8.35663424e-04	5.85178179e-21	-8.35663424e-04	8.35663424e-04
5943            	-1.67138967e-02	-4.79334269e-02	3.12195302e-02	7.91529570e-01	4.07354123e-01	3.84175447e-01	1.15893378e-02	-3.95764785e-02	-8.35694835e-04	5.85249589e-21	-8.35694835e-04	8.35694835e-04
5944            	-1.67145721e-02	-4.79374587e-02	3.12228867e-02	7.91603454e-01	4.07387945e-01	3.84215509e-01	1.15862184e-02	-3.95801727e-02	-8.35728603e-04	5.85321137e-21	-8.35728603e-04	8.35728603e-04
5945            	-1.67152946e-02	-4.79415248e-02	3.12262302e-02	7.91677549e-01	4.07421863e-01	3.84255686e-01	1.15830885e-02	-3.95838775e-02	-8.35764729e-04	5.85392821e-21	-8.35764729e-04	8.35764729e-04
5946            	-1.67160644e-02	-4.79456249e-02	3.12295606e-02	7.91751855e-01	4.07455876e-01	3.84295979e-01	1.15799483e-02	-3.95875928e-02	-8.35803218e-04	5.85464643e-21	-8.35803218e-04	8.35803218e-04
5947            	-1.67168814e-02	-4.79497592e-02	3.12328778e-02	7.91826371e-01	4.07489983e-01	3.84336387e-01	1.15767980e-02	-3.95913185e-02	-8.35844070e-04	5.85536602e-21	-8.35844070e-04	8.35844070e-04
5948            	-1.67177458e-02	-4.79539276e-02	3.12361819e-02	7.91901095e-01	4.07524185e-01	3.84376910e-01	1.15736377e-02	-3.95950548e-02	-8.35887289e-04	5.85608698e-21	-8.35887289e-04	8.35887289e-04
5949            	-1.67186575e-02	-4.79581301e-02	3.12394726e-02	7.91976027e-01	4.07558481e-01	3.84417546e-01	1.15704677e-02	-3.95988014e-02	-8.35932877e-04	5.85680930e-21	-8.35932877e-04	8.35932877e-04
5950            	-1.67196167e-02	-4.79623667e-02	3.12427500e-02	7.92051166e-01	4.07592871e-01	3.84458295e-01	1.15672881e-02	-3.96025583e-02	-8.35980836e-04	5.85753299e-21	-8.35980836e-04	8.35980836e-04
5951            	-1.67206234e-02	-4.79666373e-02	3.12460139e-02	7.92126511e-01	4.07627355e-01	3.84499157e-01	1.15640990e-02	-3.96063256e-02	-8.36031168e-04	5.85825805e-21	-8.36031168e-04	8.36031168e-04
5952            	-1.67216775e-02	-4.79709419e-02	3.12492643e-02	7.92202062e-01	4.07661932e-01	3.84540130e-01	1.15609008e-02	-3.96101031e-02	-8.36083876e-04	5.85898448e-21	-8.36083876e-04	8.36083876e-04
5953            	-1.67227792e-02	-4.79752804e-02	3.12525012e-02	7.92277816e-01	4.07696602e-01	3.84581215e-01	1.15576934e-02	-3.96138908e-02	-8.36138962e-04	5.85971227e-21	-8.36138962e-04	8.36138962e-04
5954            	-1.67239285e-02	-4.79796530e-02	3.12557244e-02	7.92353774e-01	4.07731364e-01	3.84622410e-01	1.15544772e-02	-3.96176887e-02	-8.36196427e-04	5.86044142e-21	-8.36196427e-04	8.36196427e-04
5955            	-1.67251255e-02	-4.79840594e-02	3.12589340e-02	7.92429934e-01	4.07766219e-01	3.84663715e-01	1.15512523e-02	-3.96214967e-02	-8.36256273e-04	5.86117194e-21	-8.36256273e-04	8.36256273e-04
5956            	-1.67263701e-02	-4.79884998e-02	3.12621298e-02	7.92506296e-01	4.07801167e-01	3.84705129e-01	1.15480188e-02	-3.96253148e-02	-8.36318504e-04	5.86190382e-21	-8.36318504e-04	8.36318504e-04
5957            	-1.67276624e-02	-4.79929741e-02	3.12653117e-02	7.92582858e-01	4.07836206e-01	3.84746652e-01	1.15447770e-02	-3.96291429e-02	-8.36383120e-04	5.86263706e-21	-8.36383120e-04	8.36383120e-04
5958            	-1.67290025e-02	-4.79974822e-02	3.12684798e-02	7.92659620e-01	4.07871337e-01	3.84788283e-01	1.15415270e-02	-3.96329810e-02	-8.36450124e-04	5.86337166e-21	-8.36450124e-04	8.36450124e-04
5959            	-1.67303903e-02	-4.80020242e-02	3.12716338e-02	7.92736580e-01	4.07906559e-01	3.84830021e-01	1.15382690e-02	-3.96368290e-02	-8.36519517e-04	5.86410762e-21	-8.36519517e-04	8.36519517e-04
5960            	-1.67318260e-02	-4.80065999e-02	3.12747739e-02	7.92813738e-01	4.07941872e-01	3.84871866e-01	1.15350031e-02	-3.96406869e-02	-8.36591302e-04	5.86484493e-21	-8.36591302e-04	8.36591302e-04
5961            	-1.67333096e-02	-4.80112095e-02	3.12778999e-02	7.92891093e-01	4.07977276e-01	3.84913817e-01	1.15317297e-02	-3.96445547e-02	-8.36665480e-04	5.86558360e-21	-8.36665480e-04	8.36665480e-04
5962            	-1.67348410e-02	-4.80158527e-02	3.12810117e-02	7.92968644e-01	4.08012771e-01	3.84955873e-01	1.15284487e-02	-3.96484322e-02	-8.36742052e-04	5.86632363e-21	-8.36742052e-04	8.36742052e-04
5963            	-1.67364204e-02	-4.80205297e-02	3.12841093e-02	7.93046389e-01	4.08048355e-01	3.84998034e-01	1.15251605e-02	-3.96523195e-02	-8.36821021e-04	5.86706501e-21	-8.36821021e-04	8.36821021e-04
5964            	-1.67380478e-02	-4.80252403e-02	3.12871926e-02	7.93124329e-01	4.08084029e-01	3.85040299e-01	1.15218651e-02	-3.96562164e-02	-8.36902388e-04	5.86780774e-21	-8.36902388e-04	8.36902388e-04
5965            	-1.67397231e-02	-4.80299846e-02	3.12902615e-02	7.93202461e-01	4.08119793e-01	3.85082668e-01	1.15185628e-02	-3.96601231e-02	-8.36986154e-04	5.86855183e-21	-8.36986154e-04	8.36986154e-04
5966            	-1.67413346e-02	-4.80347641e-02	3.12934295e-02	7.93281936e-01	4.08156024e-01	3.85125913e-01	1.15150556e-02	-3.96640968e-02	-8.37066730e-04	5.86930211e-21	-8.37066730e-04	8.37066730e-04
5967            	-1.67431575e-02	-4.80395721e-02	3.12964145e-02	7.93359866e-01	4.08191763e-01	3.85168103e-01	1.15118303e-02	-3.96679933e-02	-8.37157877e-04	5.87004505e-21	-8.37157877e-04	8.37157877e-04
5968            	-1.67450311e-02	-4.80444151e-02	3.12993840e-02	7.93437991e-01	4.08227600e-01	3.85210392e-01	1.15086041e-02	-3.96718996e-02	-8.37251555e-04	5.87079092e-21	-8.37251555e-04	8.37251555e-04
5969            	-1.67469420e-02	-4.80492940e-02	3.13023519e-02	7.93516459e-01	4.08263583e-01	3.85252876e-01	1.15053536e-02	-3.96758230e-02	-8.37347101e-04	5.87153903e-21	-8.37347101e-04	8.37347101e-04
5970            	-1.67487704e-02	-4.80542100e-02	3.13054396e-02	7.93596496e-01	4.08300113e-01	3.85296382e-01	1.15018654e-02	-3.96798248e-02	-8.37438520e-04	5.87229438e-21	-8.37438520e-04	8.37438520e-04
5971            	-1.67507899e-02	-4.80591545e-02	3.13083646e-02	7.93675192e-01	4.08336221e-01	3.85338971e-01	1.14986247e-02	-3.96837596e-02	-8.37539495e-04	5.87304318e-21	-8.37539495e-04	8.37539495e-04
5972            	-1.67527313e-02	-4.80641354e-02	3.13114042e-02	7.93755396e-01	4.08372852e-01	3.85382544e-01	1.14951539e-02	-3.96877698e-02	-8.37636564e-04	5.87380021e-21	-8.37636564e-04	8.37636564e-04
5973            	-1.67548633e-02	-4.80691449e-02	3.13142816e-02	7.93834265e-01	4.08409063e-01	3.85425202e-01	1.14919303e-02	-3.96917133e-02	-8.37743166e-04	5.87455080e-21	-8.37743166e-04	8.37743166e-04
5974            	-1.67569134e-02	-4.80741917e-02	3.13172784e-02	7.93914701e-01	4.08445820e-01	3.85468881e-01	1.14884698e-02	-3.96957351e-02	-8.37845669e-04	5.87531001e-21	-8.37845669e-04	8.37845669e-04
5975            	-1.67591482e-02	-4.80792679e-02	3.13201197e-02	7.93993875e-01	4.08482185e-01	3.85511691e-01	1.14852469e-02	-3.96996938e-02	-8.37957411e-04	5.87606322e-21	-8.37957411e-04	8.37957411e-04
5976            	-1.67612947e-02	-4.80843821e-02	3.13230874e-02	7.94074694e-01	4.08519123e-01	3.85555571e-01	1.14817757e-02	-3.97037347e-02	-8.38064734e-04	5.87682543e-21	-8.38064734e-04	8.38064734e-04
5977            	-1.67635100e-02	-4.80895279e-02	3.13260179e-02	7.94155458e-01	4.08556065e-01	3.85599393e-01	1.14783358e-02	-3.97077729e-02	-8.38175501e-04	5.87758669e-21	-8.38175501e-04	8.38175501e-04
5978            	-1.67659095e-02	-4.80947030e-02	3.13287934e-02	7.94234964e-01	4.08592616e-01	3.85642348e-01	1.14751339e-02	-3.97117482e-02	-8.38295477e-04	5.87834330e-21	-8.38295477e-04	8.38295477e-04
5979            	-1.67682158e-02	-4.80999168e-02	3.13317011e-02	7.94316179e-01	4.08629764e-01	3.85686414e-01	1.14716749e-02	-3.97158089e-02	-8.38410788e-04	5.87910921e-21	-8.38410788e-04	8.38410788e-04
5980            	-1.67705834e-02	-4.81051627e-02	3.13345793e-02	7.94397420e-01	4.08666945e-01	3.85730475e-01	1.14682346e-02	-3.97198710e-02	-8.38529168e-04	5.87987446e-21	-8.38529168e-04	8.38529168e-04
5981            	-1.67730166e-02	-4.81104403e-02	3.13374237e-02	7.94478640e-01	4.08704141e-01	3.85774499e-01	1.14648208e-02	-3.97239320e-02	-8.38650830e-04	5.88064019e-21	-8.38650830e-04	8.38650830e-04
5982            	-1.67755147e-02	-4.81157501e-02	3.13402354e-02	7.94559856e-01	4.08741361e-01	3.85818495e-01	1.14614327e-02	-3.97279928e-02	-8.38775735e-04	5.88140654e-21	-8.38775735e-04	8.38775735e-04
5983            	-1.67780731e-02	-4.81210929e-02	3.13430198e-02	7.94641127e-01	4.08778626e-01	3.85862501e-01	1.14580622e-02	-3.97320563e-02	-8.38903655e-04	5.88217382e-21	-8.38903655e-04	8.38903655e-04
5984            	-1.67806854e-02	-4.81264691e-02	3.13457837e-02	7.94722528e-01	4.08815962e-01	3.85906566e-01	1.14546984e-02	-3.97361264e-02	-8.39034271e-04	5.88294239e-21	-8.39034271e-04	8.39034271e-04
5985            	-1.67833452e-02	-4.81318790e-02	3.13485337e-02	7.94804127e-01	4.08853393e-01	3.85950734e-01	1.14513297e-02	-3.97402064e-02	-8.39167262e-04	5.88371249e-21	-8.39167262e-04	8.39167262e-04
5986            	-1.67860478e-02	-4.81373223e-02	3.13512745e-02	7.94885967e-01	4.08890931e-01	3.85995036e-01	1.14479477e-02	-3.97442984e-02	-8.39302391e-04	5.88448425e-21	-8.39302391e-04	8.39302391e-04
5987            	-1.67887909e-02	-4.81427986e-02	3.13540076e-02	7.94968062e-01	4.08928579e-01	3.86039483e-01	1.14445484e-02	-3.97484031e-02	-8.39439546e-04	5.88525765e-21	-8.39439546e-04	8.39439546e-04
5988            	-1.67915748e-02	-4.81483074e-02	3.13567326e-02	7.95050400e-01	4.08966332e-01	3.86084068e-01	1.14411321e-02	-3.97525200e-02	-8.39578739e-04	5.88603261e-21	-8.39578739e-04	8.39578739e-04
5989            	-1.67944015e-02	-4.81538484e-02	3.13594469e-02	7.95132953e-01	4.09004179e-01	3.86128774e-01	1.14377027e-02	-3.97566476e-02	-8.39720077e-04	5.88680901e-21	-8.39720077e-04	8.39720077e-04
5990            	-1.67972742e-02	-4.81594215e-02	3.13621473e-02	7.95215688e-01	4.09042109e-01	3.86173578e-01	1.14342656e-02	-3.97607844e-02	-8.39863712e-04	5.88758675e-21	-8.39863712e-04	8.39863712e-04
5991            	-1.68001959e-02	-4.81650268e-02	3.13648309e-02	7.95298577e-01	4.09080115e-01	3.86218462e-01	1.14308266e-02	-3.97649289e-02	-8.40009793e-04	5.88836575e-21	-8.40009793e-04	8.40009793e-04
5992            	-1.68031686e-02	-4.81706645e-02	3.13674959e-02	7.95381604e-01	4.09118192e-01	3.86263412e-01	1.14273898e-02	-3.97690802e-02	-8.40158431e-04	5.88914600e-21	-8.40158431e-04	8.40158431e-04
5993            	-1.68061935e-02	-4.81763348e-02	3.13701413e-02	7.95464762e-01	4.09156338e-01	3.86308423e-01	1.14239576e-02	-3.97732381e-02	-8.40309676e-04	5.88992750e-21	-8.40309676e-04	8.40309676e-04
5994            	-1.68092704e-02	-4.81820380e-02	3.13727676e-02	7.95548056e-01	4.09194558e-01	3.86353498e-01	1.14205299e-02	-3.97774028e-02	-8.40463521e-04	5.89071026e-21	-8.40463521e-04	8.40463521e-04
5995            	-1.68123983e-02	-4.81877740e-02	3.13753757e-02	7.95631496e-01	4.09232853e-01	3.86398643e-01	1.14171052e-02	-3.97815748e-02	-8.40619913e-04	5.89149429e-21	-8.40619913e-04	8.40619913e-04
5996            	-1.68155756e-02	-4.81935426e-02	3.13779670e-02	7.95715096e-01	4.09271229e-01	3.86443867e-01	1.14136811e-02	-3.97857548e-02	-8.40778781e-04	5.89227960e-21	-8.40778781e-04	8.40778781e-04
5997            	-1.68188010e-02	-4.81993437e-02	3.13805427e-02	7.95798864e-01	4.09309687e-01	3.86489177e-01	1.14102552e-02	-3.97899432e-02	-8.40940052e-04	5.89306617e-21	-8.40940052e-04	8.40940052e-04
5998            	-1.68220735e-02	-4.82051771e-02	3.13831035e-02	7.95882806e-01	4.09348229e-01	3.86534577e-01	1.14068256e-02	-3.97941403e-02	-8.41103677e-04	5.89385401e-21	-8.41103677e-04	8.41103677e-04
5999            	-1.68253926e-02	-4.82110424e-02	3.13856498e-02	7.95966923e-01	4.09386853e-01	3.86580070e-01	1.14033917e-02	-3.97983461e-02	-8.41269631e-04	5.89464309e-21	-8.41269631e-04	8.41269631e-04
6000            	-1.68287584e-02	-4.82169397e-02	3.13881813e-02	7.96051210e-01	4.09425559e-01	3.86625652e-01	1.13999536e-02	-3.98025605e-02	-8.41437920e-04	5.89543344e-21	-8.41437920e-04	8.41437920e-04
6001            	-1.68321714e-02	-4.82228688e-02	3.13906975e-02	7.96135663e-01	4.09464344e-01	3.86671319e-01	1.13965124e-02	-3.98067831e-02	-8.41608569e-04	5.89622506e-21	-8.41608569e-04	8.41608569e-04
6002            	-1.68356322e-02	-4.82288298e-02	3.13931976e-02	7.96220274e-01	4.09503206e-01	3.86717068e-01	1.13930694e-02	-3.98110137e-02	-8.41781610e-04	5.89701797e-21	-8.41781610e-04	8.41781610e-04
6003            	-1.68391416e-02	-4.82348227e-02	3.13956811e-02	7.96305039e-01	4.09542145e-01	3.86762893e-01	1.13896259e-02	-3.98152519e-02	-8.41957078e-04	5.89781218e-21	-8.41957078e-04	8.41957078e-04
6004            	-1.68426999e-02	-4.82408476e-02	3.13981477e-02	7.96389953e-01	4.09581160e-01	3.86808793e-01	1.13861832e-02	-3.98194976e-02	-8.42134997e-04	5.89860771e-21	-8.42134997e-04	8.42134997e-04
6005            	-1.68463075e-02	-4.82469045e-02	3.14005970e-02	7.96475015e-01	4.09620249e-01	3.86854766e-01	1.13827417e-02	-3.98237507e-02	-8.42315375e-04	5.89940456e-21	-8.42315375e-04	8.42315375e-04
6006            	-1.68499642e-02	-4.82529933e-02	3.14030291e-02	7.96560225e-01	4.09659414e-01	3.86900811e-01	1.13793015e-02	-3.98280112e-02	-8.42498210e-04	5.90020272e-21	-8.42498210e-04	8.42498210e-04
6007            	-1.68536698e-02	-4.82591141e-02	3.14054443e-02	7.96645584e-01	4.09698654e-01	3.86946929e-01	1.13758624e-02	-3.98322792e-02	-8.42683490e-04	5.90100216e-21	-8.42683490e-04	8.42683490e-04
6008            	-1.68574239e-02	-4.82652666e-02	3.14078427e-02	7.96731093e-01	4.09737971e-01	3.86993123e-01	1.13724240e-02	-3.98365547e-02	-8.42871197e-04	5.90180287e-21	-8.42871197e-04	8.42871197e-04
6009            	-1.68612263e-02	-4.82714509e-02	3.14102246e-02	7.96816755e-01	4.09777363e-01	3.87039391e-01	1.13689859e-02	-3.98408377e-02	-8.43061314e-04	5.90260484e-21	-8.43061314e-04	8.43061314e-04
6010            	-1.68650766e-02	-4.82776667e-02	3.14125901e-02	7.96902568e-01	4.09816831e-01	3.87085736e-01	1.13655477e-02	-3.98451284e-02	-8.43253828e-04	5.90340803e-21	-8.43253828e-04	8.43253828e-04
6011            	-1.68689747e-02	-4.82839139e-02	3.14149392e-02	7.96988531e-01	4.09856375e-01	3.87132156e-01	1.13621095e-02	-3.98494266e-02	-8.43448734e-04	5.90421246e-21	-8.43448734e-04	8.43448734e-04
6012            	-1.68729206e-02	-4.82901926e-02	3.14172720e-02	7.97074645e-01	4.09895994e-01	3.87178651e-01	1.13586713e-02	-3.98537323e-02	-8.43646030e-04	5.90501812e-21	-8.43646030e-04	8.43646030e-04
6013            	-1.68769144e-02	-4.82965025e-02	3.14195881e-02	7.97160906e-01	4.09935687e-01	3.87225220e-01	1.13552335e-02	-3.98580453e-02	-8.43845721e-04	5.90582502e-21	-8.43845721e-04	8.43845721e-04
6014            	-1.68809563e-02	-4.83028438e-02	3.14218876e-02	7.97247314e-01	4.09975454e-01	3.87271860e-01	1.13517966e-02	-3.98623657e-02	-8.44047813e-04	5.90663317e-21	-8.44047813e-04	8.44047813e-04
6015            	-1.68850463e-02	-4.83092164e-02	3.14241701e-02	7.97333865e-01	4.10015294e-01	3.87318572e-01	1.13483609e-02	-3.98666933e-02	-8.44252314e-04	5.90744259e-21	-8.44252314e-04	8.44252314e-04
6016            	-1.68891845e-02	-4.83156202e-02	3.14264357e-02	7.97420559e-01	4.10055206e-01	3.87365353e-01	1.13449268e-02	-3.98710280e-02	-8.44459227e-04	5.90825326e-21	-8.44459227e-04	8.44459227e-04
6017            	-1.68933711e-02	-4.83220553e-02	3.14286842e-02	7.97507394e-01	4.10095192e-01	3.87412203e-01	1.13414946e-02	-3.98753697e-02	-8.44668554e-04	5.90906521e-21	-8.44668554e-04	8.44668554e-04
6018            	-1.68976059e-02	-4.83285215e-02	3.14309156e-02	7.97594370e-01	4.10135249e-01	3.87459121e-01	1.13380643e-02	-3.98797185e-02	-8.44880295e-04	5.90987841e-21	-8.44880295e-04	8.44880295e-04
6019            	-1.69018889e-02	-4.83350187e-02	3.14331298e-02	7.97681486e-01	4.10175379e-01	3.87506107e-01	1.13346361e-02	-3.98840743e-02	-8.45094445e-04	5.91069286e-21	-8.45094445e-04	8.45094445e-04
6020            	-1.69062200e-02	-4.83415470e-02	3.14353270e-02	7.97768740e-01	4.10215580e-01	3.87553160e-01	1.13312101e-02	-3.98884370e-02	-8.45311000e-04	5.91150856e-21	-8.45311000e-04	8.45311000e-04
6021            	-1.69105991e-02	-4.83481062e-02	3.14375071e-02	7.97856134e-01	4.10255853e-01	3.87600281e-01	1.13277861e-02	-3.98928067e-02	-8.45529955e-04	5.91232549e-21	-8.45529955e-04	8.45529955e-04
6022            	-1.69150261e-02	-4.83546963e-02	3.14396702e-02	7.97943665e-01	4.10296197e-01	3.87647468e-01	1.13243643e-02	-3.98971833e-02	-8.45751304e-04	5.91314364e-21	-8.45751304e-04	8.45751304e-04
6023            	-1.69195009e-02	-4.83613171e-02	3.14418162e-02	7.98031334e-01	4.10336611e-01	3.87694722e-01	1.13209447e-02	-3.99015667e-02	-8.45975045e-04	5.91396301e-21	-8.45975045e-04	8.45975045e-04
6024            	-1.69241075e-02	-4.83679633e-02	3.14438558e-02	7.98118191e-01	4.10376782e-01	3.87741409e-01	1.13176865e-02	-3.99059095e-02	-8.46205373e-04	5.91477979e-21	-8.46205373e-04	8.46205373e-04
6025            	-1.69287037e-02	-4.83746444e-02	3.14459407e-02	7.98205851e-01	4.10417249e-01	3.87788602e-01	1.13143236e-02	-3.99102926e-02	-8.46435184e-04	5.91560171e-21	-8.46435184e-04	8.46435184e-04
6026            	-1.69333240e-02	-4.83813602e-02	3.14480362e-02	7.98293965e-01	4.10457897e-01	3.87836068e-01	1.13109144e-02	-3.99146982e-02	-8.46666199e-04	5.91642580e-21	-8.46666199e-04	8.46666199e-04
6027            	-1.69378659e-02	-4.83881123e-02	3.14502464e-02	7.98383588e-01	4.10499064e-01	3.87884524e-01	1.13072698e-02	-3.99191794e-02	-8.46893295e-04	5.91725644e-21	-8.46893295e-04	8.46893295e-04
6028            	-1.69425015e-02	-4.83948901e-02	3.14523886e-02	7.98472786e-01	4.10540105e-01	3.87932681e-01	1.13037118e-02	-3.99236393e-02	-8.47125075e-04	5.91808442e-21	-8.47125075e-04	8.47125075e-04
6029            	-1.69472338e-02	-4.84016932e-02	3.14544594e-02	7.98561527e-01	4.10581013e-01	3.87980514e-01	1.13002495e-02	-3.99280763e-02	-8.47361690e-04	5.91891121e-21	-8.47361690e-04	8.47361690e-04
6030            	-1.69520541e-02	-4.84085236e-02	3.14564694e-02	7.98649930e-01	4.10621834e-01	3.88028096e-01	1.12968688e-02	-3.99324965e-02	-8.47602707e-04	5.91973757e-21	-8.47602707e-04	8.47602707e-04
6031            	-1.69569474e-02	-4.84153836e-02	3.14584363e-02	7.98738199e-01	4.10662642e-01	3.88075557e-01	1.12935422e-02	-3.99369100e-02	-8.47847368e-04	5.92056447e-21	-8.47847368e-04	8.47847368e-04
6032            	-1.69618972e-02	-4.84222754e-02	3.14603782e-02	7.98826536e-01	4.10703507e-01	3.88123029e-01	1.12902390e-02	-3.99413268e-02	-8.48094860e-04	5.92139270e-21	-8.48094860e-04	8.48094860e-04
6033            	-1.69668904e-02	-4.84291998e-02	3.14623094e-02	7.98915091e-01	4.10744479e-01	3.88170613e-01	1.12869329e-02	-3.99457546e-02	-8.48344520e-04	5.92222273e-21	-8.48344520e-04	8.48344520e-04
6034            	-1.69719181e-02	-4.84361564e-02	3.14642383e-02	7.99003948e-01	4.10785580e-01	3.88218367e-01	1.12836063e-02	-3.99501974e-02	-8.48595906e-04	5.92305466e-21	-8.48595906e-04	8.48595906e-04
6035            	-1.69769764e-02	-4.84431442e-02	3.14661679e-02	7.99093121e-01	4.10826811e-01	3.88266310e-01	1.12802510e-02	-3.99546560e-02	-8.48848818e-04	5.92388836e-21	-8.48848818e-04	8.48848818e-04
6036            	-1.69820657e-02	-4.84501617e-02	3.14680960e-02	7.99182577e-01	4.10868156e-01	3.88314420e-01	1.12768679e-02	-3.99591288e-02	-8.49103286e-04	5.92472361e-21	-8.49103286e-04	8.49103286e-04
6037            	-1.69871907e-02	-4.84572078e-02	3.14700171e-02	7.99272248e-01	4.10909590e-01	3.88362659e-01	1.12734657e-02	-3.99636124e-02	-8.49359534e-04	5.92556018e-21	-8.49359534e-04	8.49359534e-04
6038            	-1.69923578e-02	-4.84642820e-02	3.14719242e-02	7.99362062e-01	4.10951089e-01	3.88410974e-01	1.12700574e-02	-3.99681031e-02	-8.49617892e-04	5.92639790e-21	-8.49617892e-04	8.49617892e-04
6039            	-1.69975739e-02	-4.84713848e-02	3.14738109e-02	7.99451957e-01	4.10992634e-01	3.88459323e-01	1.12666559e-02	-3.99725979e-02	-8.49878694e-04	5.92723672e-21	-8.49878694e-04	8.49878694e-04
6040            	-1.70028435e-02	-4.84785166e-02	3.14756731e-02	7.99541897e-01	4.11034219e-01	3.88507678e-01	1.12632708e-02	-3.99770949e-02	-8.50142177e-04	5.92807665e-21	-8.50142177e-04	8.50142177e-04
6041            	-1.70081689e-02	-4.84856783e-02	3.14775094e-02	7.99631877e-01	4.11075845e-01	3.88556032e-01	1.12599064e-02	-3.99815939e-02	-8.50408447e-04	5.92891776e-21	-8.50408447e-04	8.50408447e-04
6042            	-1.70135494e-02	-4.84928704e-02	3.14793209e-02	7.99721913e-01	4.11117519e-01	3.88604394e-01	1.12565623e-02	-3.99860956e-02	-8.50677471e-04	5.92976009e-21	-8.50677471e-04	8.50677471e-04
6043            	-1.70189825e-02	-4.85000928e-02	3.14811103e-02	7.99812031e-01	4.11159250e-01	3.88652782e-01	1.12532339e-02	-3.99906016e-02	-8.50949127e-04	5.93060364e-21	-8.50949127e-04	8.50949127e-04
6044            	-1.70244649e-02	-4.85073455e-02	3.14828806e-02	7.99902261e-01	4.11201046e-01	3.88701215e-01	1.12499155e-02	-3.99951131e-02	-8.51223246e-04	5.93144838e-21	-8.51223246e-04	8.51223246e-04
6045            	-1.70299934e-02	-4.85146280e-02	3.14846346e-02	7.99992625e-01	4.11242914e-01	3.88749712e-01	1.12466011e-02	-3.99996313e-02	-8.51499670e-04	5.93229423e-21	-8.51499670e-04	8.51499670e-04
6046            	-1.70355657e-02	-4.85219396e-02	3.14863739e-02	8.00083135e-01	4.11284854e-01	3.88798281e-01	1.12432868e-02	-4.00041567e-02	-8.51778283e-04	5.93314113e-21	-8.51778283e-04	8.51778283e-04
6047            	-1.70411807e-02	-4.85292799e-02	3.14880992e-02	8.00173790e-01	4.11326866e-01	3.88846925e-01	1.12399705e-02	-4.00086895e-02	-8.52059034e-04	5.93398905e-21	-8.52059034e-04	8.52059034e-04
6048            	-1.70468386e-02	-4.85366485e-02	3.14898099e-02	8.00264585e-01	4.11368945e-01	3.88895639e-01	1.12366529e-02	-4.00132292e-02	-8.52341931e-04	5.93483800e-21	-8.52341931e-04	8.52341931e-04
6049            	-1.70525406e-02	-4.85440455e-02	3.14915050e-02	8.00355505e-01	4.11411088e-01	3.88944416e-01	1.12333361e-02	-4.00177752e-02	-8.52627028e-04	5.93568802e-21	-8.52627028e-04	8.52627028e-04
6050            	-1.70582880e-02	-4.85514709e-02	3.14931829e-02	8.00446538e-01	4.11453292e-01	3.88993246e-01	1.12300230e-02	-4.00223269e-02	-8.52914401e-04	5.93653917e-21	-8.52914401e-04	8.52914401e-04
6051            	-1.70640824e-02	-4.85589249e-02	3.14948425e-02	8.00537674e-01	4.11495554e-01	3.89042121e-01	1.12267165e-02	-4.00268837e-02	-8.53204121e-04	5.93739151e-21	-8.53204121e-04	8.53204121e-04
6052            	-1.70699248e-02	-4.85664077e-02	3.14964830e-02	8.00628907e-01	4.11537872e-01	3.89091035e-01	1.12234188e-02	-4.00314453e-02	-8.53496239e-04	5.93824508e-21	-8.53496239e-04	8.53496239e-04
6053            	-1.70758155e-02	-4.85739195e-02	3.14981040e-02	8.00720234e-01	4.11580248e-01	3.89139986e-01	1.12201308e-02	-4.00360117e-02	-8.53790777e-04	5.93909991e-21	-8.53790777e-04	8.53790777e-04
6054            	-1.70817545e-02	-4.85814602e-02	3.14997057e-02	8.00811658e-01	4.11622682e-01	3.89188977e-01	1.12168524e-02	-4.00405829e-02	-8.54087725e-04	5.93995596e-21	-8.54087725e-04	8.54087725e-04
6055            	-1.70877411e-02	-4.85890297e-02	3.15012886e-02	8.00903182e-01	4.11665174e-01	3.89238008e-01	1.12135829e-02	-4.00451591e-02	-8.54387054e-04	5.94081321e-21	-8.54387054e-04	8.54387054e-04
6056            	-1.70937745e-02	-4.85966278e-02	3.15028533e-02	8.00994811e-01	4.11707726e-01	3.89287084e-01	1.12103211e-02	-4.00497405e-02	-8.54688725e-04	5.94167158e-21	-8.54688725e-04	8.54688725e-04
6057            	-1.70998540e-02	-4.86042543e-02	3.15044003e-02	8.01086546e-01	4.11750339e-01	3.89336207e-01	1.12070658e-02	-4.00543273e-02	-8.54992698e-04	5.94253104e-21	-8.54992698e-04	8.54992698e-04
6058            	-1.71059789e-02	-4.86119090e-02	3.15059301e-02	8.01178390e-01	4.11793011e-01	3.89385379e-01	1.12038161e-02	-4.00589195e-02	-8.55298943e-04	5.94339155e-21	-8.55298943e-04	8.55298943e-04
6059            	-1.71121489e-02	-4.86195916e-02	3.15074427e-02	8.01270343e-01	4.11835743e-01	3.89434600e-01	1.12005718e-02	-4.00635172e-02	-8.55607446e-04	5.94425310e-21	-8.55607446e-04	8.55607446e-04
6060            	-1.71183641e-02	-4.86273022e-02	3.15089381e-02	8.01362403e-01	4.11878535e-01	3.89483868e-01	1.11973331e-02	-4.00681201e-02	-8.55918204e-04	5.94511568e-21	-8.55918204e-04	8.55918204e-04
6061            	-1.71246245e-02	-4.86350406e-02	3.15104161e-02	8.01454566e-01	4.11921384e-01	3.89533183e-01	1.11941005e-02	-4.00727283e-02	-8.56231225e-04	5.94597933e-21	-8.56231225e-04	8.56231225e-04
6062            	-1.71309304e-02	-4.86428068e-02	3.15118763e-02	8.01546831e-01	4.11964290e-01	3.89582541e-01	1.11908746e-02	-4.00773416e-02	-8.56546521e-04	5.94684406e-21	-8.56546521e-04	8.56546521e-04
6063            	-1.71372822e-02	-4.86506008e-02	3.15133186e-02	8.01639194e-01	4.12007253e-01	3.89631941e-01	1.11876563e-02	-4.00819597e-02	-8.56864108e-04	5.94770990e-21	-8.56864108e-04	8.56864108e-04
6064            	-1.71436799e-02	-4.86584226e-02	3.15147427e-02	8.01731653e-01	4.12050273e-01	3.89681381e-01	1.11844459e-02	-4.00865827e-02	-8.57183993e-04	5.94857687e-21	-8.57183993e-04	8.57183993e-04
6065            	-1.71501236e-02	-4.86662722e-02	3.15161485e-02	8.01824207e-01	4.12093347e-01	3.89730859e-01	1.11812440e-02	-4.00912103e-02	-8.57506182e-04	5.94944498e-21	-8.57506182e-04	8.57506182e-04
6066            	-1.71566134e-02	-4.86741494e-02	3.15175360e-02	8.01916855e-01	4.12136478e-01	3.89780377e-01	1.11780505e-02	-4.00958427e-02	-8.57830670e-04	5.95031420e-21	-8.57830670e-04	8.57830670e-04
6067            	-1.71631490e-02	-4.86820543e-02	3.15189053e-02	8.02009596e-01	4.12179664e-01	3.89829933e-01	1.11748655e-02	-4.01004798e-02	-8.58157450e-04	5.95118454e-21	-8.58157450e-04	8.58157450e-04
6068            	-1.71697302e-02	-4.86899867e-02	3.15202565e-02	8.02102432e-01	4.12222905e-01	3.89879527e-01	1.11716888e-02	-4.01051216e-02	-8.58486510e-04	5.95205597e-21	-8.58486510e-04	8.58486510e-04
6069            	-1.71763567e-02	-4.86979464e-02	3.15215897e-02	8.02195361e-01	4.12266200e-01	3.89929160e-01	1.11685201e-02	-4.01097680e-02	-8.58817837e-04	5.95292847e-21	-8.58817837e-04	8.58817837e-04
6070            	-1.71830284e-02	-4.87059334e-02	3.15229050e-02	8.02288383e-01	4.12309551e-01	3.89978832e-01	1.11653594e-02	-4.01144192e-02	-8.59151421e-04	5.95380202e-21	-8.59151421e-04	8.59151421e-04
6071            	-1.71897451e-02	-4.87139475e-02	3.15242024e-02	8.02381499e-01	4.12352956e-01	3.90028543e-01	1.11622067e-02	-4.01190749e-02	-8.59487253e-04	5.95467662e-21	-8.59487253e-04	8.59487253e-04
6072            	-1.71965066e-02	-4.87219886e-02	3.15254820e-02	8.02474707e-01	4.12396415e-01	3.90078291e-01	1.11590619e-02	-4.01237353e-02	-8.59825329e-04	5.95555226e-21	-8.59825329e-04	8.59825329e-04
6073            	-1.72033129e-02	-4.87300567e-02	3.15267438e-02	8.02568005e-01	4.12439928e-01	3.90128077e-01	1.11559254e-02	-4.01284003e-02	-8.60165647e-04	5.95642895e-21	-8.60165647e-04	8.60165647e-04
6074            	-1.72101641e-02	-4.87381517e-02	3.15279876e-02	8.02661394e-01	4.12483494e-01	3.90177900e-01	1.11527973e-02	-4.01330697e-02	-8.60508205e-04	5.95730668e-21	-8.60508205e-04	8.60508205e-04
6075            	-1.72170601e-02	-4.87462736e-02	3.15292135e-02	8.02754871e-01	4.12527113e-01	3.90227757e-01	1.11496779e-02	-4.01377435e-02	-8.60853004e-04	5.95818546e-21	-8.60853004e-04	8.60853004e-04
6076            	-1.72240009e-02	-4.87544222e-02	3.15304213e-02	8.02848435e-01	4.12570785e-01	3.90277650e-01	1.11465673e-02	-4.01424217e-02	-8.61200043e-04	5.95906529e-21	-8.61200043e-04	8.61200043e-04
6077            	-1.72309864e-02	-4.87625974e-02	3.15316110e-02	8.02942085e-01	4.12614508e-01	3.90327577e-01	1.11434658e-02	-4.01471042e-02	-8.61549320e-04	5.95994617e-21	-8.61549320e-04	8.61549320e-04
6078            	-1.72380166e-02	-4.87707993e-02	3.15327827e-02	8.03035820e-01	4.12658283e-01	3.90377536e-01	1.11403734e-02	-4.01517910e-02	-8.61900832e-04	5.96082811e-21	-8.61900832e-04	8.61900832e-04
6079            	-1.72450915e-02	-4.87790277e-02	3.15339362e-02	8.03129639e-01	4.12702110e-01	3.90427529e-01	1.11372903e-02	-4.01564820e-02	-8.62254575e-04	5.96171108e-21	-8.62254575e-04	8.62254575e-04
6080            	-1.72522108e-02	-4.87872825e-02	3.15350717e-02	8.03223543e-01	4.12745988e-01	3.90477555e-01	1.11342164e-02	-4.01611771e-02	-8.62610542e-04	5.96259510e-21	-8.62610542e-04	8.62610542e-04
6081            	-1.72593745e-02	-4.87955637e-02	3.15361892e-02	8.03317529e-01	4.12789916e-01	3.90527612e-01	1.11311519e-02	-4.01658764e-02	-8.62968726e-04	5.96348015e-21	-8.62968726e-04	8.62968726e-04
6082            	-1.72665825e-02	-4.88038711e-02	3.15372886e-02	8.03411597e-01	4.12833895e-01	3.90577702e-01	1.11280967e-02	-4.01705799e-02	-8.63329123e-04	5.96436622e-21	-8.63329123e-04	8.63329123e-04
6083            	-1.72738345e-02	-4.88122046e-02	3.15383701e-02	8.03505747e-01	4.12877924e-01	3.90627823e-01	1.11250509e-02	-4.01752874e-02	-8.63691726e-04	5.96525330e-21	-8.63691726e-04	8.63691726e-04
6084            	-1.72811306e-02	-4.88205642e-02	3.15394336e-02	8.03599978e-01	4.12922003e-01	3.90677974e-01	1.11220146e-02	-4.01799989e-02	-8.64056531e-04	5.96614140e-21	-8.64056531e-04	8.64056531e-04
